Country Name,Country Code,Region,IncomeGroup,cellph_per100,co2_perc,land_area,electricity,fertility,fuel_exps_pc,start_business,foreign_inv,gdp,gdp_pc,growth_gdp_pc,hiv_prev,servs_mill,mil_exp,internet_users,population,rd_exp,taxRev_pc,val_primary,val_industry,val_manufacturing,val_services,region_code
Aruba,ABW,Latin America & Caribbean,high,,8.41006417792511,180.0,100.0,1.798,0.25065688213296694,,87653631.28491619,2700558659.2178802,39454.6298308169,0.8554311019929771,,977.544938594993,,97.17,105845.0,,,,,,,LAm_Ca
Afghanistan,AFG,South Asia,low,67.35057259999999,0.293946407148718,652860.0,97.7,4.477,,8.5,51533896.765,20191764940.1602,1934.6367541203501,0.08207892887539,,43.447835047001895,0.9845605041301321,11.44768809,37172386.0,,7.58538233129798,21.0810862110389,21.8232227792274,11.370465433619199,52.761719231561,SAs
Angola,AGO,Sub-Saharan Africa,lower_mid,44.73497738,1.29030677595566,1246700.0,41.88623046875,5.622999999999999,96.194403359153,36.0,-7397295409.189909,122123822333.591,6650.584939847779,-3.40990331461406,1.9,10.799299776085599,1.77713755353982,14.33907936,30809762.0,,11.002019136702302,9.83116860869256,42.643566778715,6.7526805695234,46.9809943251591,SSAf
Albania,ALB,Europe & Central Asia,upper_mid,123.73609599999999,1.97876331208568,27400.0,100.0,1.71,1.56752336260238,5.0,1022132156.8604301,13025062195.7906,12930.0676756249,3.9321645079289707,0.1,443.020375805171,1.1789005582884098,71.8470405,2866376.0,,18.515789855309897,19.8499781660723,21.1419993086489,5.68442741798015,46.697168516495,Eu_CAs
Andorra,AND,Europe & Central Asia,high,104.3812122,5.83290621488897,470.0,100.0,,0.122804361352133,,,3013387423.93509,,2.11506015294789,,3415.54005792133,,98.87143552,77006.0,,,0.492101388264151,9.84471894475008,3.20788592474693,79.20410289532471,Eu_CAs
Arab World,ARB,,,100.423540645109,4.88698751329195,11232647.0079041,90.273686599832,3.27096197518822,70.116464138423,20.6,30109196871.7626,2588676963425.26,17102.1269199991,-0.9309965240029641,,127.06627177924999,5.6381017767734,48.84762069912029,419790588.0,,5.31677202661313,5.47819711648175,39.1709520930955,13.6957379412603,54.1045926214625,
United Arab Emirates,ARE,Middle East & North Africa,high,210.9140231,22.9396063130991,71020.0,100.0,1.7309999999999999,42.4962399651308,3.7,10354223433.2425,382575085091.899,73355.8769793479,-0.550570887738374,,1285.0995177398402,,94.81992254,9630959.0,0.89504,0.0577340241915802,0.7760545678620671,41.4486809512769,8.98441789806352,57.775302948031204,MEa_NAf
Argentina,ARG,Latin America & Caribbean,upper_mid,139.81460019999997,4.78150777487432,2736690.0,100.0,2.2769999999999997,4.7510544651873605,11.0,11516861462.2845,642695864756.35,20843.1550677175,1.60928234377617,0.4,1628.59139070889,0.854560979237316,75.80974423,44494502.0,0.6140800000000001,12.3365069418291,6.26456582010254,22.0541072112108,13.488025970805099,56.12223585470039,LAm_Ca
Armenia,ARM,Europe & Central Asia,upper_mid,119.04396940000001,1.8987193736581103,28470.0,100.0,1.604,6.33975076060719,3.5,249759360.69556603,11527458565.7334,9620.818491000358,7.18375792858292,0.2,271.324897472128,4.77833758658911,69.71812489,2951776.0,0.25001999999999996,20.931220827140997,16.39047353385,25.5771330395605,10.284649981296699,49.9105094267778,Eu_CAs
American Samoa,ASM,East Asia & Pacific,upper_mid,,,200.0,,,,,,634000000.0,,-5.17390270324398,,988.8529306005029,,,55465.0,,,,,,,EAs_Pa
Antigua and Barbuda,ATG,Latin America & Caribbean,high,180.3709368,5.74441995635358,440.0,100.0,2.04,0.0,22.0,112936813.233046,1510084750.74074,25145.5412294362,2.06194494099688,,890.742564919414,,76.0,96286.0,,,1.5438279091989398,17.485441128573697,2.6694549229837,69.3495129106506,LAm_Ca
Australia,AUS,East Asia & Pacific,high,112.6886209,15.388766019446699,7692020.0,100.0,1.765,28.0194092465881,2.5,44479716896.2638,1330803227996.08,49653.7158885249,0.633037105280707,0.1,21544.793767625702,1.89155976713945,86.54472054,24992369.0,1.9229599999999998,22.002263000556503,2.38730173244053,22.327602646154197,6.087333675422009,68.25854204051289,EAs_Pa
Austria,AUT,Europe & Central Asia,high,170.84792280000002,6.8698679296766905,82522.998046875,100.0,1.53,2.38619560100156,21.0,15608009061.4137,416835975862.194,53879.29785451679,1.84100901383178,0.1,7431.714635616259,0.7359925393070359,87.93558659,8847037.0,3.04771,26.8270027660318,1.11272086699217,25.2018351011189,16.7096038349013,62.8374535096086,Eu_CAs
Azerbaijan,AZE,Europe & Central Asia,upper_mid,103.04663740000001,3.93156060898919,82670.0,100.0,1.9,92.638412567577,3.5,2867487000.0,40865558912.3867,17525.2796310656,-1.2557206009697,0.1,259.487663578963,3.77369409189023,79.0,9942334.0,0.22232,15.603134234766,5.6051117745576295,47.5579725015391,4.93022778575826,39.3223357142384,Eu_CAs
Burundi,BDI,Sub-Saharan Africa,low,54.49630416,0.0446999922899522,25680.0,9.3,5.615,0.0399318061385837,4.0,316473.449369742,3172416146.3921,737.97858286726,-2.6469412215971,1.1,4.6180741817880895,1.8821614708513899,5.594670767999999,11175378.0,,,30.645887638274,11.6278523560524,,49.113798511420896,SSAf
Belgium,BEL,Europe & Central Asia,high,104.6525275,8.32815989783976,30280.0,100.0,1.68,11.3366766107196,4.0,-39482279939.4883,494901708704.269,49411.8690997742,1.3432341864894302,,8300.544045190409,0.925790634519833,87.67968082,11422068.0,2.46611,24.627276833744997,0.634990615977638,19.5279986302554,12.5973876407868,69.1537564233274,Eu_CAs
Benin,BEN,Sub-Saharan Africa,low,78.50112548,0.614206089682334,112760.0,43.0777473449707,4.906000000000001,0.254303759125059,8.5,200406480.304636,9246696923.66155,2276.59572978031,2.9668815086469196,1.0,4.20573977888905,0.863004044861682,14.11901233,11485048.0,,,23.2404164298103,20.131314956823,11.8739310190454,47.586459944366105,SSAf
Burkina Faso,BFA,Sub-Saharan Africa,low,93.50293242,0.16201843771673802,273600.0,25.4737434387207,5.271,11.7330309288393,13.0,2566335.65735323,12322864244.9183,1866.1706199357102,3.27305453860932,0.8,1.9277576468935702,2.05918567597085,15.87620691,19751535.0,,15.0749297615291,30.757161487393304,17.4439533400402,5.35768259536585,55.1648281272992,SSAf
Bangladesh,BGD,South Asia,lower_mid,91.66528709,0.473657610012808,130170.0,88.0,2.076,,19.5,2151370680.49902,249723862487.36102,3998.4194235515,6.142103948471941,0.1,65.215515295293,1.36491749632018,18.02,161356039.0,,8.49834882820801,14.0455462197579,27.3461176033502,17.0302468647422,53.6713010179276,SAs
Bulgaria,BGR,Europe & Central Asia,upper_mid,120.4435385,5.871615869349929,108560.0,100.0,1.54,11.1661749955669,23.0,2833030000.0,58220973782.7715,20948.0970565215,4.57230650133613,0.1,32308.325655915698,1.68843232372019,63.41010138,7024216.0,0.96019,20.2013712641913,4.05481780516307,24.4266440029746,14.491660469563401,57.8009136300861,Eu_CAs
Bahrain,BHR,Middle East & North Africa,high,158.41500380000002,23.455406320753003,778.000030517578,100.0,2.009,66.8346547556499,8.3,518882978.723404,35432686170.2128,47660.4799076737,-0.9405639814432051,0.1,359.41994840951696,3.5954853914712994,95.87813575,1569439.0,,,0.332012485516718,39.373332618618605,18.093278520210603,59.4843333154655,MEa_NAf
"Bahamas, The",BHS,Latin America & Caribbean,high,89.42207249,6.520069718562571,10010.0,100.0,1.758,0.0,21.5,594994763.784,12162100000.0,31581.104389648797,0.419527295795447,1.9,1508.7973889423001,,85.0,385640.0,,12.723963942572698,0.880156772645876,12.3255735378586,3.16163800385174,76.7696050275366,LAm_Ca
Bosnia and Herzegovina,BIH,Europe & Central Asia,upper_mid,98.09148345,6.3849388185993305,51200.0,100.0,1.375,9.396595725520019,81.0,462732353.50463396,18080118128.3854,13735.030237224599,4.23289357171987,,1499.0182087150101,1.11191310643257,69.49115242,3323929.0,0.21861999999999998,19.934216395415397,6.36938102209503,23.1635548677354,12.369235224444802,55.4963975273254,Eu_CAs
Belarus,BLR,Europe & Central Asia,upper_mid,120.56119040000002,6.70195770525782,202988.0078125,100.0,1.541,33.1678637885454,9.0,1276300000.0,54726595249.1849,18915.9398914361,2.5674826075246804,0.4,2259.88664876024,1.2654471721215401,74.43644541,9485386.0,0.49999,14.173094465420402,6.89528062433517,30.9584092512823,20.1521869635278,48.5229965560459,Eu_CAs
Belize,BLZ,Latin America & Caribbean,upper_mid,63.90529544,1.40094123373499,22810.0,98.2651214599609,2.475,16.658267187762497,43.0,25637115.5013862,1862614800.0,8500.444799660809,-0.551942156420353,1.9,8002.256705582421,1.26245619249627,47.082625799999995,383071.0,,24.519990991775398,10.238750391782599,13.828479150248699,6.50392405264727,62.8867245040361,LAm_Ca
Bermuda,BMU,North America,high,105.94630719999999,8.838314987948849,54.000000953674295,100.0,1.61,,,-288109270.997092,,,,,7874.8786673764,,98.37,63968.0,0.21916,,,,,,NAm
Bolivia,BOL,Latin America & Caribbean,lower_mid,99.20033298,1.90636431997446,1083300.0,91.8,2.839,57.843616590598295,43.5,712474137.775022,37508642257.5977,7480.0771405755795,2.6960652962193596,0.3,109.53417242823,1.49655017525489,43.83227607,11353142.0,,,11.1718754576911,25.3263587239438,10.9842214139234,49.802332447781296,LAm_Ca
Brazil,BRA,Latin America & Caribbean,upper_mid,112.9965568,2.61293352087838,8358140.0,100.0,1.7109999999999999,9.24652234723185,20.5,70257759617.82,2053594973992.61,15662.247017596299,0.25141041880570497,0.6,1581.6385543121698,1.47490154739588,67.47,209469333.0,1.34264,12.8248632636748,4.89301052063879,18.352790438480998,10.783371534838901,63.1994166458573,LAm_Ca
Barbados,BRB,Latin America & Caribbean,high,115.34584679999999,4.46747652067059,430.0,100.0,1.7990000000000002,9.42637535956031,15.0,286157362.743625,4673500000.0,18526.008560408,0.845800449284326,1.6,768.604598351693,,81.76077839,286641.0,,26.1165920399638,1.3799803490798301,12.6638036674358,4.828827237500139,74.8953974895397,LAm_Ca
Brunei Darussalam,BRN,East Asia & Pacific,high,127.0669027,22.229177902672,5270.0,100.0,1.861,92.539892461156,5.5,467927550.316567,12128088999.9276,79789.60508529481,0.213228749793529,,1620.83336278161,2.37009896668375,94.86669164,428962.0,,,1.20365462606268,57.2893638536308,11.460819228389699,42.976042130483705,EAs_Pa
Bhutan,BTN,South Asia,lower_mid,90.46730476,1.3922295342782802,38143.9990234375,97.7,2.02,,12.0,-16553759.952549402,2528007911.35353,10173.0510685791,3.3858758107413705,,118.03081677325198,,48.10641588,754394.0,,12.756117540157199,16.6444812123597,41.387424273448204,7.432100374531231,37.3667213358097,SAs
Botswana,BWA,Sub-Saharan Africa,upper_mid,141.4078697,3.3674513337553003,566730.0,62.824947357177706,2.6830000000000003,0.488134903086557,48.0,400570859.794556,17406565823.2986,17784.855810529498,0.79891624620933,22.8,68.4767505559768,2.78232195396813,41.41379464,2254126.0,,24.6874946514015,2.04973273914672,32.0946954129161,5.19424707601911,56.9725562942173,SSAf
Central African Republic,CAF,Sub-Saharan Africa,low,25.22792053,0.0673571264567361,622980.0,29.9820384979248,4.796,,22.0,17179339.675022304,2167501639.76783,829.346498086113,3.13132466965133,4.0,0.43515835847823403,1.40860967195269,4.339254945,4666377.0,,5.8210597571712,31.3794014430526,19.9101223020465,17.7747956680997,31.0598200434945,SSAf
Canada,CAN,North America,high,86.53568096,15.1589272191963,9093510.0,100.0,1.4961,29.921804875315104,1.5,27817212209.7133,1646867220617.47,46723.3177643637,1.77092086416837,,26568.8801187775,1.2526292323636101,92.70137191,37058856.0,1.6493,12.4186044403667,,,,,NAm
Central Europe and the Baltics,CEB,,,123.77800413903799,6.14888253990517,1105054.00146484,100.0,1.5116626751645201,4.99595861453572,18.0,30675300827.0093,1455568032701.07,29617.865480409702,4.98110761652278,,13204.8290124007,1.64424420013852,73.4357593826207,102511922.0,1.14687800702379,17.5570230240637,2.8826449893084,28.9692485411461,19.0194442483629,56.2743484819732,
Switzerland,CHE,Europe & Central Asia,high,130.8219143,4.31156299409097,39516.0009765625,100.0,1.54,1.5378545544901498,10.0,68288266496.5615,678965423322.021,66299.62501109889,0.672860566930595,,32951.9962517038,0.675557385670456,93.71386591,8516543.0,3.3743,9.84160359976099,0.6642393580600301,24.8294430935784,17.9138146187878,71.435942835181,Eu_CAs
Channel Islands,CHI,Europe & Central Asia,high,,,197.999992370605,,1.483,,,,,,,,,,,170499.0,,,,,,,Eu_CAs
Chile,CHL,Latin America & Caribbean,high,127.4632858,4.64906220009855,743532.03125,100.0,1.766,0.9339842831177441,6.0,5852183238.92468,277746457909.868,24248.8607595513,-0.15399544921018601,0.6,7258.19240138255,1.88738394618685,82.32748693,18729160.0,0.3806,17.4437618328672,3.9934704396863197,28.8971156290166,10.9801551520117,58.601833703767994,LAm_Ca
China,CHN,East Asia & Pacific,upper_mid,104.2826788,7.543907641449269,9388210.0,100.0,1.631,1.45879618931667,8.6,166083755721.64902,12143491448186.1,16782.2077583531,6.1617720043005395,,209.12005597250402,1.8659366006581202,54.3,1392730000.0,2.0564299999999998,9.41608682830391,8.12625124854607,40.070721216419,28.9556344559798,51.803027535035,EAs_Pa
Cote d'Ivoire,CIV,Sub-Saharan Africa,lower_mid,130.6752817,0.48768803413576595,318000.0,65.6357574462891,4.846,21.455979897672698,6.0,972606666.4847801,38053610009.4172,3921.7133363581897,4.992709085612519,2.8,8.67520282071764,1.35765671954873,43.83992085,25069229.0,,15.448028291772198,22.4262527723305,25.225822242060598,12.3679513603416,31.497610981245103,SSAf
Cameroon,CMR,Sub-Saharan Africa,lower_mid,83.71005458,0.308791722441786,472710.0,61.4018745422363,4.638999999999999,54.3847689428606,13.5,814001700.79441,34922782310.6416,3644.80109612329,0.853486026492732,3.7,8.548384569026071,1.25032908627177,23.20297197,25216237.0,,12.6128073233581,14.5430372691671,24.4597344263105,14.8610911086461,52.9809967909786,SSAf
"Congo, Dem. Rep.",COD,Sub-Saharan Africa,low,43.49059653,0.0633308890302249,2267050.0,19.0936317443848,6.018,,7.0,1053658066.1717,38019265625.856,888.6772799659719,0.401471108026911,0.7,2.55532135598521,0.668776974818973,8.619904916,84068091.0,,,18.599753640262698,41.1613816289302,18.264392362435398,33.82743725181,SSAf
"Congo, Rep.",COG,Sub-Saharan Africa,lower_mid,96.1079694,0.653359718672722,341500.0,66.2148513793945,4.599,61.8681572950179,49.5,1158816776.11755,8701334800.219759,5614.398973966209,-5.55919654481907,3.1,4.696028060333,2.5469546401220695,8.65,5244363.0,,17.7158073748918,7.24227240865254,53.8779045419358,7.12930815037217,38.8798081193924,SSAf
Colombia,COL,Latin America & Caribbean,upper_mid,126.81388179999999,1.79035682717161,1109500.0,99.5952377319336,1.834,67.5286013171978,11.0,13836161409.9943,311789874617.096,14507.261250854599,-0.160980395706162,0.5,462.975592393017,3.1725602157456203,62.25988032,49648685.0,0.2917,15.797262655066,6.606412266057871,27.689162311787,12.297778837716,56.8986156229234,LAm_Ca
Comoros,COM,Sub-Saharan Africa,lower_mid,57.61237087,0.20281278394500896,1861.0000610351601,79.93128967285159,4.275,,16.0,8607994.46649785,1068124329.8625699,2751.08790965604,0.39832275437095205,0.1,4.91465698151598,,8.478170295,832322.0,,,29.6406298362189,11.6791461693305,,54.290775704812,SSAf
Cabo Verde,CPV,Sub-Saharan Africa,lower_mid,112.05571859999999,0.9481138173419592,4030.0,92.91363525390629,2.299,0.0,18.0,111711633.73813999,1771235958.20125,7026.984122427951,2.7842490883135005,0.6,260.466570045972,0.553854417749715,57.16214635,543767.0,,18.7780857967901,7.9957410958418,17.1303991380888,5.932221677560401,61.7893400160413,SSAf
Costa Rica,CRI,Latin America & Caribbean,upper_mid,180.2029814,1.6180878492620803,51060.0,99.6,1.768,0.0433557347988613,23.0,2856006597.34999,58174550211.5503,16976.1874153378,2.34003491386198,0.4,1161.42493445394,0.0,71.58166462,4999441.0,0.48617,13.657092988633199,5.1308135554295,19.139853268942602,11.404227538831902,67.512157654542,LAm_Ca
Caribbean small states,CSS,,,112.918410487869,8.87121971551983,404850.0,98.3837313333542,2.0186456312136,41.8437781088691,20.461538461538503,2212252365.56732,69074812658.1643,15753.1762229694,-0.330692522899383,1.60901337173214,761.45011818198,1.07494092113343,57.3983745247711,7358965.0,,23.5023157440619,3.6796611693965695,24.0801133947865,10.1102905089546,63.7342559906164,
Cuba,CUB,Latin America & Caribbean,upper_mid,40.17351529,3.0809942458155204,104020.0,100.0,1.722,,,,96851000000.0,,1.746246381869,0.4,8.466161677760429,,49.104687299999995,11338138.0,0.42854,,3.9389296267921603,22.9429790959834,13.8502790850389,72.048812520521,LAm_Ca
Curacao,CUW,Latin America & Caribbean,high,116.5972131,37.72628905322979,444.0,100.0,1.5,,,172681564.24581,3116610111.7318397,27626.640889190698,-2.05324054613875,,3165.28796628687,,,159849.0,,,0.37941307686667397,18.2028563282827,10.295147051777,71.973964658562,LAm_Ca
Cayman Islands,CYM,Latin America & Caribbean,high,157.0135967,8.919208519589802,240.0,100.0,,,,37433209000.0,3570575151.2672296,72607.571471824,1.71766324320086,,6058.5024139345605,,81.06769325,64174.0,,,0.39665812992798105,0.0037327261533876104,0.8577970765462559,86.8332429812535,LAm_Ca
Cyprus,CYP,Europe & Central Asia,high,138.4797599,5.26046160455096,9240.0,100.0,1.338,0.0,6.0,11018805947.5812,22141864998.8731,36155.4807539388,3.5016365059666,0.1,17364.0309236403,1.57216193491902,80.74318897,1189265.0,0.4807,24.127663554983002,1.9251819882965002,10.313030686525801,4.5654995619301,75.3741441412208,Eu_CAs
Czech Republic,CZE,Europe & Central Asia,high,119.0054475,9.16597837581982,77220.0,100.0,1.63,2.64442651707964,24.5,11234740946.0941,215913545038.43,38019.5805142033,4.075766344376049,0.1,25419.9420488373,1.12360570947245,78.71917285,10625695.0,1.92923,14.5558221526125,2.06493721673074,33.5653598266775,24.1283014435852,54.2573914794284,Eu_CAs
Germany,DEU,Europe & Central Asia,high,133.5943941,8.88937039483839,349360.0,100.0,1.57,2.3028798405389903,8.0,83415033637.1216,3693204332229.78,52574.2604824888,1.7760357890369098,0.2,34181.2784354313,1.2337687568881202,84.39550077,82927922.0,2.91695,11.347880847267499,0.666318537859008,27.905403908537103,21.087111322098302,61.553762164728205,Eu_CAs
Djibouti,DJI,Middle East & North Africa,lower_mid,38.98201121,0.8038302162243959,23180.0,60.2,2.785,,13.0,165001125.365744,1844674434.5037103,,2.43811072343185,1.3,22.2434771003403,,55.68140925,958920.0,,,1.9425311548025501,15.742465857354802,3.8665882616597904,71.7837831115427,MEa_NAf
Dominica,DMA,Latin America & Caribbean,upper_mid,101.7653027,1.90868678342829,750.0,100.0,,,12.0,-2112051.52348547,496726248.51851904,10383.9407632773,-9.72158347487326,,6969.12871896779,,69.61966879,71625.0,,,16.2838540511056,11.307023052061698,2.08636544151934,57.5203007649617,LAm_Ca
Denmark,DNK,Europe & Central Asia,high,121.7107513,5.935712482114299,41990.0,100.0,1.79,6.54181634904634,3.5,2357373493.81492,329865537183.47,54356.4482739471,1.60657224195407,0.1,43757.82743392,1.1814152074453301,97.09936216,5797446.0,2.95742,33.9216227417996,0.99637370632354,20.5446011267412,12.990473360835303,65.2028172340369,Eu_CAs
Dominican Republic,DOM,Latin America & Caribbean,upper_mid,81.44449363,2.11899466984248,48310.0,100.0,2.392,6.77812630672004,16.5,3597900000.0,75931656814.657,16451.5400448466,3.40429544636575,0.9,98.1629544994731,0.7438561253355931,64.99320547,10627165.0,,13.2499960312919,5.78451660200436,26.7489637987297,13.3153157206092,59.9536715828998,LAm_Ca
Algeria,DZA,Middle East & North Africa,upper_mid,110.95771200000001,3.7355201474105,2381740.0,100.0,2.7089999999999996,95.7642317855163,17.5,1200965279.93224,167555280113.181,15266.4852082981,-0.45657211282041,0.1,63.3257015514048,5.27141404556567,47.69105515,42228429.0,,,12.2127913726528,34.7402010452546,32.8443246772388,48.065641132389004,MEa_NAf
East Asia & Pacific (excluding high income),EAP,,,114.29576847018,5.77612844555788,15913500.0,97.59162160100279,1.84921764218409,5.826903120404331,30.11,238735463804.59802,14646215900250.9,14900.4347919603,5.6982026632165095,,466.892955520043,1.7490664787823897,50.787621034109605,2081651801.0,1.95826748388774,10.123982705368,8.9522543274308,39.250347625265704,27.2797738123431,51.27708982647329,
Early-demographic dividend,EAR,,,97.4297100640127,2.29821640857788,33107751.999053996,89.68482985901409,2.50914534458801,30.969984270921397,31.796721311475395,212555559949.38,11369554644897.9,9818.819787496372,3.32259607322773,0.754993705585635,501.354061179904,2.34751987426365,37.858568818703,3249140605.0,,12.9922003403546,9.69180544286848,29.841405678554302,15.7091862991205,53.441999809093396,
East Asia & Pacific,EAS,,,116.352190097814,6.294256271742059,24396748.4039211,97.8255563174976,1.8013261443786102,7.348907182522121,22.9965517241379,549871567107.217,23912261117830.8,18095.9201590457,3.8762263895582003,,1237.7796189965,1.66727114712876,55.095399741453,2328220870.0,2.38141518989593,11.885324478370901,4.94848105742467,33.383741622127,23.026239656928897,59.984478653343295,
Europe & Central Asia (excluding high income),ECA,,,127.274514654498,7.4210733336032595,22622175.0078125,99.9850468508845,1.9282172472613799,48.55086108957129,12.83,72646157460.0736,3317273632219.24,20780.6138006848,3.43985728760683,0.7390095944405709,3746.75055454146,3.09753685961627,66.3845782695615,417797257.0,0.852931159485871,14.108795846175699,5.570164504471849,28.9133463976609,13.6950633730486,54.728905600350295,
Europe & Central Asia,ECS,,,125.421697625292,6.9159390223169,27440113.5884323,99.99320821913192,1.75314943271323,12.951708284381,11.665306122449,787578898639.7109,21523445203238.8,33536.984764297704,2.24746832115159,0.512485670686108,12173.067493856399,1.70411325478369,74.9118552047482,918793590.0,1.92135546675688,19.1603108650087,1.9664872499504,23.036172566895598,14.185818267505601,64.6013855548213,
Ecuador,ECU,Latin America & Caribbean,upper_mid,88.12949861,2.7532663634121697,248360.0,100.0,2.458,53.469381575520295,48.5,618439412.2592,104295862000.0,11501.010292442199,0.573877116510374,0.3,209.944844200849,2.3767115146098,57.27224368,17084357.0,,,9.51901672818233,32.0230096159111,14.5504885363777,51.554262367625505,LAm_Ca
"Egypt, Arab Rep.",EGY,Middle East & North Africa,lower_mid,105.54061340000001,2.2327320047030494,995450.0,100.0,3.21,23.877983108333396,11.5,7408700000.0,235369129337.71103,11742.0500882009,2.0255778567668403,0.1,36.1873306330534,1.2470692398394099,44.95020425,98423595.0,0.71858,12.5192110970171,11.7693159703255,32.4559570384587,16.8413264929505,54.4832804310917,MEa_NAf
Euro area,EMU,,,124.594419117736,6.47492085436996,2678923.57177734,100.0,1.5631420554350501,6.527045289070769,9.842105263157901,495541938412.519,12634710106684.0,45136.1558085221,2.2499127138564505,0.301361933714942,19626.320172328,1.4485412906322899,79.3727026422995,341783171.0,2.13748258791776,18.9169926485495,1.51215867227977,22.2617294506103,15.098430104865802,65.9303625780334,
Eritrea,ERI,Sub-Saharan Africa,low,13.71124821,,101000.0,48.423789978027294,4.061,,84.0,55468000.0,,,,0.6,,,1.30890698,,,,,,,,SSAf
Spain,ESP,Europe & Central Asia,high,113.2729956,5.03382448723757,499563.984375,100.0,1.34,6.67491016410246,12.5,6203743186.31794,1314314164402.2,39037.3783388467,2.7367991929717403,0.4,7247.03903373442,1.27309096099574,84.60224570000001,46723749.0,1.21963,14.4150060351565,2.6901620836957205,21.276825866173,12.5416650651669,66.7454455580951,Eu_CAs
Estonia,EST,Europe & Central Asia,high,145.4168041,14.848819173174,43470.0,100.0,1.6,10.3169272647084,3.5,1555186131.82212,26611651598.9453,33447.8277198239,4.7298130225055,0.7,29131.217625233,2.05854468149193,88.10245687,1320884.0,1.48796,21.6464656939329,2.0862674385306104,24.0063690010391,13.816032828612,60.162630606518,Eu_CAs
Ethiopia,ETH,Sub-Saharan Africa,low,37.72957949,0.118240576234369,1000000.0,44.3,4.081,0.0251401292731053,32.0,4017159564.65434,81716326730.819,1897.24907750157,6.62575716124269,0.9,0.714285553168672,0.6419202927722609,18.61805145,109224559.0,,8.35133826701354,34.6088392491026,21.932568202094604,5.691398810150139,36.7245899328932,SSAf
European Union,EUU,,,123.524776571544,6.37914904858669,4238693.57177734,100.0,1.5896992658027198,6.78376266036664,12.535714285714299,663116281418.945,17344924399291.3,42550.415117029705,2.28762811349893,0.271267406835188,18869.876961430502,1.49824518678404,80.6424890060126,513213363.0,2.0387788542230503,20.209907007573896,1.4435171320480902,21.981950707254896,14.3886302275163,66.00315934463259,
Fragile and conflict affected situations,FCS,,,68.6116635862333,0.8959309240974399,12933506.0078735,54.970585433588894,4.38848999575798,,26.342857142857103,10778134952.0177,829348955384.778,4531.87762540927,0.7681249459972009,2.41676186238205,29.2233113642886,2.3602024397107004,22.458187495953197,515215936.0,,,15.221852677606302,30.1903788083497,,47.092280565935404,
Finland,FIN,Europe & Central Asia,high,132.3102365,8.66072124349448,303910.0,100.0,1.57,11.0002412276833,17.0,13929597503.7968,252301837573.029,46343.5772169122,2.4119167274511404,,22324.1144951885,1.3985204245738199,87.46892907,5518050.0,2.89637,20.610425240054898,2.38021409431072,23.4791019701675,14.657546292225302,60.199099378450796,Eu_CAs
Fiji,FJI,East Asia & Pacific,upper_mid,114.1814154,1.3500709213309898,18270.0,96.0,2.4930000000000003,0.00626731453089743,40.0,387600527.644898,5270335184.70768,10318.9586799074,4.5732086316122595,,149.294724881732,0.9228394615965079,49.96637301,883483.0,,23.738750877077898,10.6718314196928,16.209066904354902,10.939496078129801,54.5083937664001,EAs_Pa
France,FRA,Europe & Central Asia,high,106.2134196,4.57318159541951,547556.9921875,100.0,1.92,3.90387842111745,3.5,47335618618.877,2586285406561.51,44255.941640102305,2.2519809370919304,0.5,14831.1951590204,2.29394279932913,80.5,66987244.0,2.26703,23.3604678243403,1.43711486668854,17.4341320487761,10.283023048355801,70.50541844271301,Eu_CAs
Faroe Islands,FRO,Europe & Central Asia,high,114.2077501,12.462906588824,1396.00006103516,100.0,2.5,,,,,,,,3931.22426599905,,97.58195894,48497.0,,,20.970468330516102,14.9094605194834,4.7705854407654105,52.8885353485135,Eu_CAs
"Micronesia, Fed. Sts.",FSM,East Asia & Pacific,lower_mid,21.89987114,1.39927963814381,700.0,80.7566833496094,3.0980000000000003,,16.0,,336427500.0,3504.3966506056604,2.04816098428265,,161.494361155223,,35.30405287,112640.0,,5.44076728291828,27.0794457398037,6.08401567041209,0.55684283148972,,EAs_Pa
Gabon,GAB,Sub-Saharan Africa,upper_mid,131.5092757,2.7563817815054703,257670.0,92.1912002563477,3.72,,31.0,1498038419.66195,14892609693.1667,17762.408644601102,-2.29157573813745,4.2,28.089574748053497,1.5312076297688402,50.32012015,2119275.0,,12.8300685455322,4.97313690987068,45.037850906071704,17.456006771993998,41.7428124794395,SSAf
United Kingdom,GBR,Europe & Central Asia,high,119.5259996,6.4974404904511704,241930.0,100.0,1.79,11.763210264674198,4.5,121248678596.565,2637866340434.13,44896.2645843105,1.10880778732772,,21195.885324026,1.78220538089607,94.62,66488991.0,1.67445,25.091212914176804,0.581257197170484,17.6239030344388,8.937032501254109,70.9557233118256,Eu_CAs
Georgia,GEO,Europe & Central Asia,upper_mid,140.6520757,2.4164604961964398,69490.0,100.0,1.986,3.8518588697534,2.0,1829933045.43,15081330942.4188,10674.175802685699,4.81865424848039,0.4,2360.2442486649697,1.93504651785341,60.49125755,3731000.0,0.31982,23.774074493947502,7.72734619510116,21.450548804678398,10.3839428714166,58.5309373025552,Eu_CAs
Ghana,GHA,Sub-Saharan Africa,lower_mid,127.46144790000001,0.5313717378981679,227540.0,79.0,3.926,,14.0,3254990000.0,58996776244.424,4457.3558457773,5.76855143734653,1.7,94.2260093935502,0.41391681686450804,37.88415262,29767108.0,,18.2621523936461,20.976891328747,28.2266587791302,11.1224435615719,43.091414518164704,SSAf
Gibraltar,GIB,Europe & Central Asia,high,118.69775249999999,15.6574647887324,10.0,100.0,,,,-2541141000.0,,,,,18382.352941176498,,,33718.0,,,,,,,Eu_CAs
Guinea,GIN,Sub-Saharan Africa,low,92.00155758,0.219671872697791,245720.0,35.441215515136705,4.777,0.6550531305776071,15.0,577380000.0,9915311049.151329,2435.2184751916197,10.268623103267599,1.5,1.57447181235544,2.46740138641465,11.40002077,12414318.0,,,17.589946663144698,30.103847166999103,10.926678079721999,41.9293069509766,SSAf
"Gambia, The",GMB,Sub-Saharan Africa,low,141.199904,0.25364098175828403,10120.0,56.2,5.358,0.0,25.0,5445631.48903737,1489464787.85603,1612.1395585064001,1.4994843460735,1.6,47.8794377689266,1.0734336670332199,19.83645444,2280102.0,,,24.956992050957798,14.091000606549999,5.4792350637236495,52.8481627273702,SSAf
Guinea-Bissau,GNB,Sub-Saharan Africa,low,77.08779374,0.160335468516147,28120.0,26.0473480224609,4.556,,8.5,15652439.964706302,1346841897.00437,1734.71490884792,3.2708872417568795,3.4,2.73501131747683,,3.930509152,1874309.0,,,46.348359012396294,12.553584048918701,11.3282821102253,36.3528748905294,SSAf
Equatorial Guinea,GNQ,Sub-Saharan Africa,upper_mid,44.65708861,4.76396715246517,28050.0,67.1840972900391,4.599,,33.0,304074312.247895,12289913729.3358,24532.9520019804,-8.221978141404529,6.5,0.0,,26.23999996,1308974.0,,11.4567349338539,2.33223920932761,52.3302543282798,18.504311555723103,45.1807218132753,SSAf
Greece,GRC,Europe & Central Asia,high,115.92624690000001,6.18033726778447,128900.0,100.0,1.38,38.5017360240407,12.5,3571265224.6915703,203085551429.132,28579.7945258539,1.70605803203834,0.2,3695.6937533886403,2.3852815561237,69.89,10727668.0,0.9663700000000001,25.0510052259827,3.5772593075332098,14.8569876245265,9.19160010829227,68.8489909775804,Eu_CAs
Grenada,GRD,Latin America & Caribbean,upper_mid,104.96359840000002,2.22238342730161,340.0,94.69567108154301,2.083,,15.0,111670867.27220601,1126882296.2963,14739.065754668702,4.47836492749509,,234.500423904612,,59.07173536,111454.0,,,6.20638547046556,12.1551729461193,3.35330923136,66.93208281888221,LAm_Ca
Greenland,GRL,Europe & Central Asia,high,,8.989181987743141,410450.0,100.0,2.09,3.68190360677557e-05,,,,,1.0144609467283499,,2527.99487279913,,69.48246178,56025.0,,,18.5802580652225,17.7317194676652,4.5602106565499,60.2352915414388,Eu_CAs
Guatemala,GTM,Latin America & Caribbean,upper_mid,118.1687909,1.1510008356966002,107160.0,93.28809356689449,2.92,6.56154712303952,15.0,1013100000.0,75620095537.5005,8166.85775480185,0.744150536244774,0.4,68.2828477742984,0.352941134242593,40.70304908,17247807.0,0.02988,10.213089673546301,10.0094301495352,26.025468877344604,18.331608975908,61.475604733969604,LAm_Ca
Guam,GUM,East Asia & Pacific,high,,,540.0,100.0,2.3280000000000003,,,,5859000000.0,,-0.619094092326705,,730.4557435126401,,80.50546556,165768.0,,,,,,,EAs_Pa
Guyana,GUY,Latin America & Caribbean,upper_mid,82.68979339,2.63239277948073,196850.0,90.86487579345699,2.485,0.000645708019495168,18.0,212151381.74184,3555205811.1380205,8140.415340194771,1.57255558822081,1.7,32.2488683872083,1.6932586457226597,37.32583679,779004.0,,,15.200095082651401,34.4217164353403,3.0617166564627896,41.111085006378005,LAm_Ca
High income,HIC,,,125.014337325817,10.925831512793,35145443.4158224,100.0,1.6369356941611002,13.5355431963575,10.9913793103448,1537149474808.56,51002983022253.9,48890.9486533842,1.74005262019588,,18739.3828031783,2.2771975685629102,82.4277624169845,1210312147.0,2.4722724838460097,15.2215655128954,1.28083897812351,22.5369028476303,14.123819549037302,70.0031731315227,
"Hong Kong SAR, China",HKG,East Asia & Pacific,high,249.7631259,6.39360052562418,1050.0,100.0,1.125,3.23321258158364,1.5,125716724339.795,341648103474.824,61706.8146996776,3.0643629623270803,,10484.8681629395,,89.41594465,7451000.0,0.76183,,0.0762060164208307,7.4756576382478706,1.07780521854625,89.53359749812999,EAs_Pa
Honduras,HND,Latin America & Caribbean,lower_mid,88.86604921,1.05764802292736,111890.0,86.5,2.423,0.0453703670185757,13.0,1264579024.48523,22940179173.6147,4916.72379248824,3.0296931676580203,0.3,79.5417293411304,1.7125893130415901,32.13636364,9587522.0,0.014969999999999999,17.3444720611594,12.0499014058464,25.827897497569698,17.1467725059127,58.380382072257795,LAm_Ca
Heavily indebted poor countries (HIPC),HPC,,,65.5895661492721,0.267777322424202,17378791.000060998,42.046524186628794,4.773469539744441,22.133982150496003,22.282051282051302,26723826482.113,751960655126.504,2422.54786578297,2.2985026131974,2.53005030449985,16.5867096276765,1.26832546669569,18.4647510681434,780234406.0,,12.758145922966301,23.743038804601802,22.0044551118664,10.3559832051343,44.339780058061706,
Croatia,HRV,Europe & Central Asia,high,103.0130428,3.97380490559031,55960.0,100.0,1.42,13.458133226265499,22.5,2040460130.7353601,55201417479.3925,26295.5122942987,4.16449537639041,,14607.963911533201,1.4650541787066103,67.09619204,4089400.0,0.84186,20.812230419002898,3.13590164262931,22.090480648864304,12.6711953284852,57.699235002304896,Eu_CAs
Haiti,HTI,Latin America & Caribbean,low,57.42400964,0.271140186830838,27560.0,43.7525634765625,2.8680000000000003,,97.0,374855000.0,8408252995.161429,1818.60656533786,-0.13852073034527698,1.9,4.55275302243615,0.000840337405567425,12.32610358,11123176.0,,,,,,,LAm_Ca
Hungary,HUN,Europe & Central Asia,high,113.4737751,4.2655749757664,90530.0,100.0,1.53,3.31741542433677,7.0,-12945830232.3855,139761138102.757,28798.6425572425,4.414292063057941,0.1,13627.1417371086,1.08207729001535,76.75054712,9768785.0,1.36461,23.3941475326187,3.8720691152716,25.7447006676912,19.8682698455717,54.961430263685294,Eu_CAs
IBRD only,IBD,,,108.24928881235701,4.518461557941929,69378808.046875,96.90983140631559,2.07349301336136,19.380199866306,24.8969696969697,524437037906.32794,28632922079785.2,13859.2033841044,3.8970485115738898,,887.25964016108,1.9133330672137299,49.753065879966606,4772284113.0,1.3909156327672698,12.1731802399736,7.683439319252981,31.916683566248196,19.3010159152566,54.361338959216994,
IDA & IBRD total,IBT,,,99.5819541919926,3.53853213946077,93340340.0459595,87.06663323538379,2.55113874452614,20.5948261625811,23.6212765957447,573556262199.477,30781503584021.9,11309.628850839099,3.5124545483793397,1.09678808055928,682.214434191284,1.89758227299339,42.47464011643579,6412522234.0,1.36706281127042,12.1753421446767,8.56946592622056,31.3250253784752,18.8428596988682,54.0327166633128,
IDA total,IDA,,,73.928611737742,0.5284068948429139,23961531.9990845,57.9699989381489,4.02145310627734,47.72172881688871,22.498666666666697,49119224293.1488,2157791845822.82,3832.72395051323,1.9210471166988399,1.90451519224034,75.39947732452241,1.67020606473807,20.9321525100388,1640238121.0,,,21.8270801936584,22.4720451519428,11.2733870369904,49.0746952885839,
IDA blend,IDB,,,76.98431914776391,0.8655921011188871,5955820.0,64.9987868372206,4.11206828203692,67.18314426087301,19.0823529411765,13457838404.1612,942180672601.1841,5300.08684889344,0.425618676551665,2.00365068030552,168.26613139281602,1.9440830812159602,23.521373160057202,555830605.0,,,21.9460671664438,20.006324705571398,10.0480734634872,53.9161285341416,
Indonesia,IDN,East Asia & Pacific,lower_mid,164.85144580000002,1.81937838004494,1811570.0,98.14,2.336,29.179761908020897,19.6,20510310832.4469,1015423455783.28,12279.1832757753,3.83998242004857,0.4,1280.67360170488,0.7164428327801609,32.2924419,267663435.0,,10.7534877772096,13.478748547027099,39.308443980208104,20.5229746805052,43.641748809450206,EAs_Pa
IDA only,IDX,,,72.41073933536109,0.35365914853103203,18005711.9990845,54.3556203259251,3.97549960556732,,23.5,35661385888.9876,1216320828718.15,3067.8869186287297,3.4302658049007797,1.84917024910245,27.561750123292303,1.4116737346111101,19.6459997339425,1084407516.0,,11.3138502034895,21.7228034304745,24.6329316846881,12.417864171308999,44.888940976992906,
Isle of Man,IMN,Europe & Central Asia,high,,,570.0,100.0,,,,,,,,,4545.56329098782,,,84077.0,,,0.61284178187404,8.211715309779821,2.50310291858679,87.14197644649259,Eu_CAs
India,IND,South Asia,lower_mid,87.2849181,1.72767050665838,2973190.0,92.61865997314449,2.3040000000000003,19.6266231494598,16.5,39966091358.7384,2652551202555.27,7168.992550744,6.035154527704929,0.2,123.10156680062599,2.4190343416652302,34.45,1352617328.0,0.61992,10.5697090519718,16.2498096711745,26.6421680349534,15.1999015149793,47.8225582786145,SAs
Ireland,IRL,Europe & Central Asia,high,102.8816649,7.31393980771791,68890.0,100.0,1.81,0.916447453804977,5.0,-3435981232.05423,331430014003.047,76807.4933739969,6.060822379178999,0.2,38597.4670652754,0.330585082043917,84.51538863,4853506.0,1.19563,18.842810626932604,0.928532651965451,35.9404038965642,32.0108654134211,56.5348983717044,Eu_CAs
"Iran, Islamic Rep.",IRN,Middle East & North Africa,upper_mid,107.249831,8.38410110077933,1628760.0,100.0,1.636,67.6676611751872,72.5,5019000000.0,454012768723.589,21011.288308854,2.32769419892394,0.1,225.698627305362,2.66751206072691,60.41635615,81800269.0,,,9.637366278011859,33.8601193999753,11.8955607216009,55.239570599286296,MEa_NAf
Iraq,IRQ,Middle East & North Africa,upper_mid,87.30509079999999,4.894917030423531,434128.0078125,100.0,4.309,99.9133837238436,26.5,-5032400000.0,193158783783.784,17415.4693927853,-4.13822291971057,,10.412011829430199,2.72652780753896,49.35999889,38433600.0,0.0373,1.24136945083715,3.8,44.6,2.11052335984095,51.5,MEa_NAf
Iceland,ISL,Europe & Central Asia,high,122.57652409999999,6.05965740746397,100250.0,100.0,1.74,1.99104609440194,11.5,-6999892980.93709,24489493459.0074,55322.0901345058,2.17876477040431,,57638.322655795,,98.26,353574.0,2.17034,22.9158191464065,4.59204466511424,19.6124803920598,9.391025292572241,63.771346870496906,Eu_CAs
Israel,ISR,Middle East & North Africa,high,126.6587916,7.86318134790706,21640.0,100.0,3.11,1.14469592222631,12.0,18168900000.0,353268411918.577,38867.7615971076,1.45842039279731,,6967.62420667256,4.34810126356225,81.58118359,8883800.0,4.26895,23.280715060810298,1.2096272020381298,19.647186344936898,12.545606352223599,68.7882428765552,MEa_NAf
Italy,ITA,Europe & Central Asia,high,141.2932687,5.2708667864029595,294140.0,100.0,1.34,3.75957204597759,6.0,9147685501.71978,1946570340341.13,40981.2816111757,1.8366819013900502,0.2,7744.061541237729,1.3327023072539,61.30114276,60431283.0,1.3407200000000001,23.3621700185717,1.8817285113716,21.5192528926089,14.765922368246601,66.41020603329099,Eu_CAs
Jamaica,JAM,Latin America & Caribbean,upper_mid,106.9516337,2.5814458863859,10830.0,99.5064468383789,1.993,22.2923391323175,3.0,888835228.478601,14781107821.7513,8970.780291138659,0.4732923156285839,1.8,137.288661908011,1.3519561350022802,48.78096953,2934855.0,,24.8193768372893,6.597095833189,19.0931562811083,7.666325759361089,61.266267155861996,LAm_Ca
Jordan,JOR,Middle East & North Africa,upper_mid,100.0096265,2.96523830754741,88780.0,100.0,3.3089999999999997,0.168398551895312,12.5,2029718309.85915,40765867418.8999,9129.93211751891,-0.262010615064241,,108.086849470809,4.682528726008179,66.79031443,9956011.0,,15.2158246656761,5.24613726194754,27.707509881422897,19.1484010061085,61.86130075458139,MEa_NAf
Japan,JPN,East Asia & Pacific,high,135.53809109999997,9.53870610327163,364560.0,100.0,1.43,2.19818626579715,11.2,20419904126.6246,4859950558538.97,41958.9621557727,2.09655174517761,0.1,5980.23609852766,0.923839535738282,90.87304215,126529100.0,3.27754,11.423572018208198,1.2110755049008701,28.9052110277425,20.675263402205697,69.32965090159,EAs_Pa
Kazakhstan,KAZ,Europe & Central Asia,upper_mid,146.6302368,14.3631697418223,2699700.0,100.0,2.73,76.6271311609793,5.0,4712631470.52606,162886867831.694,26490.84377438,2.6934321337623595,0.2,1232.24725708979,0.9538752223200341,76.42674823,18276499.0,0.16951,9.8357115521941,4.55600427070659,31.979790360678802,11.330139670840499,57.857435042574,Eu_CAs
Kenya,KEN,Sub-Saharan Africa,lower_mid,86.14733981,0.305923721896161,569140.0,63.8114700317383,3.793,,23.0,671488392.8923299,78757391333.0088,3258.15449926677,2.4200205755144903,4.8,36.577979303793,1.2204249864536498,17.82710021,51393010.0,,16.2566353938182,31.0723310305177,17.8916731787383,9.318804141765831,45.23321979151049,SSAf
Kyrgyz Republic,KGZ,Europe & Central Asia,lower_mid,121.915374,1.64639533887413,191800.0,100.0,3.0,13.1606002301003,10.0,-107212800.0,7702934800.12836,3733.60613756865,2.69491949275601,0.2,103.09444677487,1.5737701664103099,38.19903776,6315800.0,0.11903,16.801668055009,12.8344731564928,26.5464240007793,15.4342608672285,50.1483211681284,Eu_CAs
Cambodia,KHM,East Asia & Pacific,lower_mid,116.04211289999999,0.437653585193574,176520.0,89.07,2.53,3.549412457609579e-05,99.0,2788084321.65816,22177200511.5811,4019.6799851104497,5.38988623304968,0.5,55.155048148545596,2.20647137386887,33.99999913,16249798.0,0.11823,14.5828781049436,24.742664419658198,29.451962745246394,15.995185588786098,39.8859808153612,EAs_Pa
Kiribati,KIR,East Asia & Pacific,lower_mid,39.62525129,0.569873207119416,810.0,98.6145706176758,3.609,8.28238106938328,31.0,784797.2548946659,185572501.53280202,2227.92099492537,-1.1076108772084199,,26.279367192838002,,14.58181818,115847.0,,22.087469177916798,26.3210331488028,14.6943573667712,4.2082138331221195,61.77261888881479,EAs_Pa
St. Kitts and Nevis,KNA,Latin America & Caribbean,high,138.906857,4.549986213416309,260.0,100.0,,0.00157014128585019,18.5,50927262.20607,992007403.125926,30452.101320101603,0.35412235851619295,,3112.6909405322303,,80.71019081,52441.0,,20.0735831414467,0.9040476800075251,23.4509602107942,5.683974104912631,63.3515137239241,LAm_Ca
"Korea, Rep.",KOR,East Asia & Pacific,high,124.86450759999998,11.570345409340101,97489.00390625,100.0,1.052,9.00770617211237,4.0,17912900000.0,1530750923148.7,38824.1153902612,2.62122194009741,,1196.5134166401801,2.61734363736466,95.09714917,51635256.0,4.21702,13.9480457665053,1.92759592297656,35.1297976715601,26.7818278387074,53.7499284315983,EAs_Pa
Kuwait,KWT,Middle East & North Africa,high,172.58031369999998,25.849229275344896,17820.0,100.0,1.96,95.22210860212391,35.4,113012065.007347,119551599076.82199,72621.6260603286,-5.84267289159662,0.1,484.209327341037,5.05553177566242,97.99998933,4137309.0,0.0966,1.38077874761047,0.518517173990646,52.134572450220496,7.2020643880952795,62.237489336213294,MEa_NAf
Latin America & Caribbean (excluding high income),LAC,,,106.495655756735,2.96268220310426,19018930.0,98.02596944402842,2.0531081108378704,14.178688510504001,33.5791666666667,147189224677.016,5405037342852.1,15608.3749448255,0.746898825550019,0.497228376019154,798.8275534384101,1.22562420871461,61.409304588768606,609013934.0,0.823509264644555,13.08384298093,5.064725784378259,23.1505486804001,13.080552291520801,60.9237484572639,
Lao PDR,LAO,East Asia & Pacific,lower_mid,54.12257807,0.29436488328788,230800.0,93.6,2.6430000000000002,0.0445116288850401,174.0,1599365808.2674198,16853087485.4118,6939.555068714621,5.20419403628074,0.3,16.395717841201698,,25.51043508,7061507.0,,,17.2303101257307,28.7592389607918,8.032767349137679,42.477104186399,EAs_Pa
Lebanon,LBN,Middle East & North Africa,upper_mid,72.32533375,3.84359823135183,10230.0,100.0,1.713,1.09749228657573,15.0,2558729287.49599,53393799668.325,12813.869552599399,-0.9352341503368391,0.1,119.35043416106001,4.993891315784589,78.18077489,6848925.0,,13.453046210104699,2.90482522580596,15.4843529871263,8.62220530871536,74.7042766495931,MEa_NAf
Liberia,LBR,Sub-Saharan Africa,low,56.21413443,0.214493388584254,96320.0,21.488868713378896,4.513,,18.0,247842983.01405,3285455000.0,1293.41593414343,-0.0469852696917599,1.4,1.9139863060659799,0.7653727598610028,7.984479722000001,4818977.0,,,37.2421843014242,7.98544828187951,1.95251364776532,50.3438864662127,SSAf
Libya,LBY,Middle East & North Africa,upper_mid,94.43706099,8.958794329552,1759540.0,70.1482009887695,2.235,,35.0,,38115981878.5647,19056.8042971544,24.9711313888968,,938.194642413206,,21.75892062,6678567.0,,,,,,,MEa_NAf
St. Lucia,LCA,Latin America & Caribbean,upper_mid,98.79783498,2.2829283887467997,610.0,98.7597885131836,1.4480000000000002,0.225413669865779,11.0,131028839.79448798,1810139888.8888898,13569.3057084931,3.1384774277251806,,193.418253156862,,50.81524478,181889.0,,20.6161865322945,2.27612255700952,10.574052949626198,2.21565212362689,74.41731886901509,LAm_Ca
Latin America & Caribbean,LCN,,,107.456390050453,3.10163910407089,20039364.43125,98.1257577150449,2.04180611507044,13.3016870616615,27.8,237154037057.72,5970989904971.94,16160.2230214371,0.6750293267799351,0.5067605210732029,1011.47277357441,1.2550329252473797,62.143940664812604,641357515.0,0.783375167807771,13.3998558961921,4.90952602042126,23.825582673667,13.411622189721001,60.748671965497294,
Least developed countries: UN classification,LDC,,,67.2187510771229,0.319277933525195,17762824.9990845,51.0192312066886,4.06768507697442,55.4895618011443,26.847826086956502,20894772208.4536,1077755716481.29,2843.3118492629806,2.4123470689009303,1.88911365412208,23.959189990951,1.52316617242552,17.7821047650033,1009662578.0,,10.3928068197206,20.7256390859439,26.8140392303395,11.548258789114401,45.29008783192471,
Low income,LIC,,,57.3337660804195,0.30795834527397803,13651370.0,40.9399213414704,4.585292194452349,,23.8666666666667,14590281842.1701,526941900134.806,2159.2781423752804,2.31161918460607,2.444613345292,15.320816755255699,1.17700731358051,15.411930346442402,705417321.0,,,25.4050487944321,24.425946054799198,8.12395589647881,41.203282996697396,
Liechtenstein,LIE,Europe & Central Asia,high,122.36168980000001,1.18217231281734,160.0,100.0,1.61,,,,,,,,23915.343915343903,,98.1,37910.0,,,,41.8491484184915,,,Eu_CAs
Sri Lanka,LKA,South Asia,upper_mid,135.0730235,0.885247473289056,62710.0,97.5449752807617,2.032,2.65418857213762,9.0,1374894656.60811,88019706803.834,12878.5886712171,2.25752780562264,0.1,305.213579556053,1.8914966670789999,34.1133479,21670000.0,0.10870999999999999,12.3799519124394,7.4267996956588105,27.820976394910602,16.3785633747223,56.445390392019995,SAs
Lower middle income,LMC,,,96.953304569881,1.46521065443756,20141754.9990845,86.1636844815529,2.76134581723368,29.282769962874198,23.2872340425532,125353603087.379,6521854050234.47,7150.81671535899,4.08515734988303,0.673695978707574,317.653426252962,1.9072222784183401,33.5821977747704,3022905169.0,,11.864984141321099,15.72792592079,28.313785902727197,15.4775880702835,49.2016832796891,
Low & middle income,LMY,,,98.78524074881321,3.4940886806558598,92209198.0147095,86.7816302052931,2.55795510238229,21.475122606303398,24.129545454545497,547980406917.267,29912421055585.0,11104.945946583799,3.5470787800828703,1.0976006701018501,611.021192845382,1.9018637684474098,42.1389261477221,6383958209.0,1.3866190630716202,11.9539144287217,8.799587166353561,31.4053022870198,18.9773123711932,53.941016638984095,
Lesotho,LSO,Sub-Saharan Africa,lower_mid,70.90446188,1.20771572600477,30360.0,33.730758666992195,3.0439999999999996,0.0473964206357103,29.0,43161840.14172871,2578265355.71255,3131.0037302656397,-3.0530440358781896,23.8,20.082126333787897,1.8099529808638601,29.78780333,2108132.0,0.04804,31.743900729436604,5.868703946011769,32.9634075191599,15.698381077012101,52.130980176795504,SSAf
Late-demographic dividend,LTE,,,114.31403283770901,6.75282959356326,44519022.03125,99.3144547971777,1.7055351060765502,20.355306050979397,12.13125,389735440113.34796,20357700189949.0,17811.5251014496,4.04387894135868,,1133.1358309325901,2.01230006232618,58.8562244232432,2288665963.0,1.6119775108148602,11.304392245345,6.243631495841511,33.8247022574311,21.0557647409566,55.1969072349782,
Lithuania,LTU,Europe & Central Asia,high,150.89553080000002,4.37809012309851,62642.001953125,100.0,1.69,17.685165188561,5.5,1190627310.15049,47544459558.9514,33252.6768339907,5.60638938234818,0.2,13058.252307043898,1.9578488273958001,77.61525651,2789533.0,1.04116,16.6534717217049,3.07738680412426,25.785627569609606,16.894256179116002,61.1199769349525,Eu_CAs
Luxembourg,LUX,Europe & Central Asia,high,136.0859021,17.3621213728095,2430.0,100.0,1.41,0.8145195488113589,16.5,6622737299.3081,62316359824.1281,107640.559218408,-0.89312717311924,0.3,43014.3409084811,0.6116626093500059,97.82762613,607728.0,1.27116,25.328590046387202,0.224067946008621,11.7582457041652,5.35509727514917,78.60093989407129,Eu_CAs
Latvia,LVA,Europe & Central Asia,high,126.38661929999999,3.49819288166911,62180.0,100.0,1.74,7.5865793936323,5.5,1137669497.77868,30463302413.7289,28362.012043723,5.56790552387336,,11948.0107586673,1.97955144365229,81.31586170000001,1926542.0,0.6262300000000001,22.6014851997858,3.20553236517662,18.812947620310897,10.3539816505378,65.17957612849301,Eu_CAs
"Macao SAR, China",MAC,East Asia & Pacific,high,328.7999525,2.17457235415311,30.399999618530302,100.0,1.338,0.0,,431161794.569923,50559431846.4989,116013.00697929699,7.9861482466647,,1779.6766706554101,,83.17408907,631636.0,0.13554000000000002,28.948651459119397,,6.587996335095871,0.596098864100498,91.6938038834737,EAs_Pa
St. Martin (French part),MAF,Latin America & Caribbean,high,,,54.4,100.0,1.81,,,,,,,,246.17067833698,,,37264.0,,,,,,,LAm_Ca
Morocco,MAR,Middle East & North Africa,lower_mid,122.87795770000001,1.7507945564543999,446300.0,100.0,2.454,3.2922975007283997,9.0,2680109856.21237,109708728848.535,8261.06085184946,2.7368949917350798,0.1,284.278587507245,3.10442662748775,61.76221201,36029138.0,,21.211498985575602,11.9929870880728,25.986055079181398,15.772540128399001,50.3168537796024,MEa_NAf
Monaco,MCO,Europe & Central Asia,high,85.22548133,,2.0,100.0,,,,,6400946585.53076,,-4.3093613252761,,9715.5657428631,,97.05297684,38682.0,,,,14.3485027277547,,81.7129273339832,Eu_CAs
Moldova,MDA,Europe & Central Asia,lower_mid,90.41659632,1.3868291419658703,32890.0,100.0,1.234,0.253969895628716,4.0,160840000.0,9669759987.026329,6858.89202760189,4.7721462779549,0.6,2837.5440522304198,0.34880803743705197,76.12451989,3545883.0,0.36796999999999996,16.401236821238403,11.3986809055429,22.241443878180103,11.8970437279549,53.9684030110606,Eu_CAs
Madagascar,MDG,Sub-Saharan Africa,low,34.14232861,0.130420845169797,581800.0,24.075391769409197,4.129,3.8649863526213597,8.0,464856589.64880896,11465850504.0067,1560.4023148833098,1.54870025626197,0.3,4.927545527000991,0.602150651051468,9.8,26262368.0,,,21.4354275803117,21.3865237000805,,43.980094152540296,SSAf
Maldives,MDV,South Asia,upper_mid,206.29340180000003,3.0683723549762703,300.0,99.8,2.052,0.0466777384759983,12.0,492742335.08114505,4865546025.86599,14668.6930327615,2.41276338557273,,421.029729936624,,63.18566588,515696.0,,,5.630559228658989,11.8863684868962,2.08010826072519,69.3419803778394,SAs
Middle East & North Africa,MEA,,,106.80804931522499,6.205010363915171,11223466.007842999,97.7567835411133,2.7269135616896896,65.94743191723289,20.342857142857103,55407296147.9066,3275008659269.25,20098.7383682445,-0.15895075767572597,,311.341349437682,5.466968434923559,55.154062930433504,448912859.0,,,5.22258295235722,37.246096963143,13.2600243430198,55.8696271183567,
Mexico,MEX,Latin America & Caribbean,upper_mid,88.51537104,3.99044614866763,1943950.0,100.0,2.153,10.6016130596496,8.4,31032815285.0,1158071006809.62,19432.2141906251,0.8885441483062521,0.3,185.48241986661,0.538883865680492,63.85224909,126190788.0,0.5241899999999999,12.7966219623318,3.34954829565593,29.508655365304698,16.975576874338902,60.8864577541223,LAm_Ca
Marshall Islands,MHL,East Asia & Pacific,upper_mid,30.11651326,1.7956942234036999,180.0,94.7550048828125,,,17.0,199000.0,204173400.0,3886.2182004397496,3.02360274357017,,103.344930931138,,38.70116262,58413.0,,17.4988717174769,15.9227940250255,14.1180958766136,2.27313508269241,68.9466055931709,EAs_Pa
Middle income,MIC,,,103.92092544693199,3.86673189186276,78557828.0147095,92.3621778813774,2.32776211530659,21.454101609576302,24.206862745098,533390125075.09705,29382511794670.9,12207.1510337113,3.70884778859765,0.924932587285227,683.56193497512,1.91183053718528,45.3295876897176,5678540888.0,1.38836655393573,11.950686720817199,8.55806883241389,31.5068136166613,19.1245811032178,54.1263816984761,
North Macedonia,MKD,Europe & Central Asia,upper_mid,96.39240385,3.6144510353623502,25220.0,100.0,1.5419999999999998,1.75512220092315,14.0,380738977.544777,11279509013.9119,15298.883502409299,0.18028992240087402,0.1,498.079727338573,0.9521738750827301,76.31197942,2082958.0,0.44468,16.818233122224697,9.172740187795801,23.963046091510503,12.288939886851802,53.5495422792727,Eu_CAs
Mali,MLI,Sub-Saharan Africa,low,118.8336413,0.0833693550692031,1220190.0,43.089839935302706,5.968,,11.0,559362392.0998679,15339614406.6617,2221.7578857519397,2.28586418670076,1.2,7.67053683062277,2.8650192995004,12.72064096,19077690.0,0.31461,14.0951092407889,38.3677011729355,17.1705476393487,,37.7991277087179,SSAf
Malta,MLT,Middle East & North Africa,high,140.36905080000002,5.400613957170269,320.0,100.0,1.37,43.0572868312743,16.0,4156322946.7877,12748803180.3035,41548.5120108714,3.82285944431959,,14102.5942363125,0.48791947021253496,80.07137784,483530.0,0.7498100000000001,25.2131285486539,1.2177052462917701,11.8390493256131,8.692388660503969,75.4835861382137,MEa_NAf
Myanmar,MMR,East Asia & Pacific,lower_mid,89.83720797,0.413758590222221,653080.0,69.81483659750879,2.187,40.201341528037894,14.0,4002424944.8455296,66719084835.9898,6172.39264948407,6.08396011112933,0.7,9.909599537721869,2.9247593243965095,30.67818311,53708395.0,,6.0060294299883905,25.468509306530198,35.0312022252882,22.805134394490103,39.5002884681816,EAs_Pa
Middle East & North Africa (excluding high income),MNA,,,100.687755177673,3.9650355820111094,8641088.0078125,97.3712932316235,2.77361889154797,65.16766946995999,24.615384615384603,16773046676.7293,1437537340501.73,13744.7614468163,1.32702276144252,0.10426838424043301,127.742436659692,3.07544735423092,50.0152988854395,382896715.0,,,9.43222747519125,33.4821490325491,14.785999656945,53.481307698868704,
Montenegro,MNE,Europe & Central Asia,upper_mid,166.0954592,3.5560717904183,13450.0,100.0,1.6580000000000001,14.5616643039941,12.0,560290272.0008941,4844592066.71174,19354.9298194866,4.70468721379108,0.1,223.33873738096,1.54646437082941,71.27233254,622345.0,0.374,,7.46823893104366,15.6549775277603,3.7355356768934,59.59842314979571,Eu_CAs
Mongolia,MNG,East Asia & Pacific,lower_mid,126.35282920000002,7.0880256779682895,1553560.0,85.8696517944336,2.713,27.865240090466,11.0,1494350363.46922,11433635875.9316,12787.284256081799,3.35984093435746,0.1,1527.0833286498498,0.761588208041898,23.71426517,3170208.0,0.15467999999999998,11.762814075849901,11.689379740094399,33.8810482213897,7.324357026526201,46.115055019035,EAs_Pa
Northern Mariana Islands,MNP,East Asia & Pacific,high,,,460.0,100.0,,,,,1593000000.0,,24.3148473301317,,247.51600014143798,,,56882.0,,,,,,,EAs_Pa
Mozambique,MOZ,Sub-Saharan Africa,low,40.026871299999996,0.320578016654618,786380.0,27.425470352172898,5.178999999999999,30.0379129460039,17.0,2319071971.47682,12651912500.4128,1294.74827318321,0.7711552130292461,12.5,7.7489596759845805,0.9941051974364109,20.7740003,29495962.0,0.33751,21.9134712787083,22.6179903328615,19.760445277901002,8.703978608412019,50.87762312642071,SSAf
Mauritania,MRT,Sub-Saharan Africa,lower_mid,92.17166073,0.689388119146373,1030700.0,42.9123191833496,4.612,3.26265580086891,6.0,588217194.758539,4975432190.51025,4066.6706384247295,0.16563488452518998,0.3,4.20307973662568,3.01925207389013,20.80096366,4403319.0,,,23.9901742383603,26.266613340949203,,37.2985902238546,SSAf
Mauritius,MUS,Sub-Saharan Africa,upper_mid,145.399158,3.3531104720786296,2030.0,98.03143310546879,1.44,0.0009234623096362279,5.0,292650459.704252,13259351418.4459,22355.190523948702,3.72056764157287,,379.56275951615197,0.164082476544836,55.55669841,1265303.0,,8.99395695949919,3.1879291111290002,18.5750922912378,12.398882154727302,66.9982634296689,SSAf
Malawi,MWI,Sub-Saharan Africa,low,41.73804958,0.0783395970665838,94280.0,12.7,4.505,0.044931583233134995,37.0,277112167.42903596,6303292264.18905,1269.64459550158,1.2633985603904598,9.6,10.4129763795213,0.8461269383180899,13.78216439,18143315.0,,15.242195365973199,25.9270434125021,14.6462015662851,9.51888674553635,51.85190786859611,SSAf
Malaysia,MYS,East Asia & Pacific,upper_mid,133.8797956,8.130210313146549,328550.0,100.0,2.019,22.0111876929998,13.5,9511691920.89244,314707268049.991,30004.078626204,4.46635747547536,0.4,4917.72584162278,0.98400150124734,80.14047901,31528585.0,1.30069,14.280461246442599,8.65363682149762,38.285811765852706,22.2190541177235,51.7178437393381,EAs_Pa
North America,NAC,,,117.226594290646,16.3668511421216,18240984.000001002,100.0,1.73841336734442,15.5209330016169,3.55,382357102938.716,21138584471481.7,58594.472318628206,1.58259194939151,,29951.2513381329,3.01580569095032,77.00810035705271,364290258.0,2.65473311705975,11.314778149335401,0.940404125890274,17.9549024407408,11.122251435452002,77.551373973225,
Namibia,NAM,Sub-Saharan Africa,upper_mid,105.7779756,1.65169281658111,823290.0,52.501182556152294,3.3539999999999996,1.48102268620215,66.0,461194226.741532,13566192142.5835,11104.419376271899,-2.70651864002981,12.1,119.45377575904101,3.3496331905387997,36.83740647,2448255.0,,32.5173737547172,6.1099193219629,29.096605657737197,11.0173628622283,58.1765279530485,SSAf
New Caledonia,NCL,East Asia & Pacific,high,,16.005931729154998,18280.0,100.0,1.97,0.00243845112737633,,1422415884.00988,,,,,2857.14285714286,,82.00584079999999,284060.0,,,,,,,EAs_Pa
Niger,NER,Sub-Saharan Africa,low,40.87508383,0.11054275700556901,1266700.0,20.041904449462898,7.184,27.031870426697502,7.0,337874078.960953,8119710126.32655,1012.8591963130699,0.9427376026033442,0.3,0.46290998548684603,2.45284928450267,10.22431156,22442948.0,,,38.7842086223368,16.972247826384002,5.94180320249264,37.794699546517,SSAf
Nigeria,NGA,Sub-Saharan Africa,lower_mid,75.91962422,0.545794084565745,910770.0,54.4,5.457000000000001,90.854186859809,10.9,3497233434.77893,375745486520.656,5887.5730776004,-1.78882678536762,2.8,222.81271162106097,0.506584947663024,27.68098584,195874740.0,,,20.983109707083898,18.1731317261725,8.679697781876769,59.7850976776077,SSAf
Nicaragua,NIC,Latin America & Caribbean,lower_mid,131.5604252,0.7915763227866159,120340.0,86.7677993774414,2.171,0.33530366438221504,14.0,771900000.0,13843586679.5401,5687.18163082839,3.34948486912745,0.2,122.320710493817,0.608427606439331,27.86304001,6465513.0,0.10865999999999999,15.589575235964901,14.9153392280649,25.794875375097604,14.1447505512517,49.4649749903558,LAm_Ca
Netherlands,NLD,Europe & Central Asia,high,120.52168770000002,9.920138075238391,33690.0,100.0,1.66,16.5940016683058,3.5,316541431115.985,830572618849.8291,54422.0080155625,2.26246240597496,0.2,70412.1276055238,1.24160710770927,93.19727891,17231017.0,2.0039,21.1606242246467,1.7665320320694802,17.637508699955,10.851049712213301,70.2177071083397,Eu_CAs
Norway,NOR,Europe & Central Asia,high,107.90551780000001,9.27094513154166,365123.0078125,100.0,1.71,64.90521705093211,4.0,6011489799.96058,399488897844.046,62182.8421398992,1.16008644120609,0.1,14572.572734949299,1.6086690923522902,96.50851854,5314336.0,1.93095,22.089364218649997,2.07812916760705,27.751742700917102,6.51759243111266,58.668718839122704,Eu_CAs
Nepal,NPL,South Asia,low,123.17487959999998,0.298463302719902,143350.0,95.50747680664058,2.083,0.004276919714045871,16.5,196265098.563575,24880266905.4961,2866.54201625742,6.476249851079639,0.2,158.250276069272,1.4428006214725801,21.40351043,28087871.0,,16.7097622388009,29.149198321287102,13.096932833213,5.36876419333363,49.9643750623496,SAs
Nauru,NRU,East Asia & Pacific,upper_mid,88.03591865,4.02185100818358,20.0,99.5531692504883,,,,,113880715.21933702,15039.3175663984,5.554091792806281,,77.663870767319,,57.0,12704.0,,14.413705579447,,,,,EAs_Pa
New Zealand,NZL,East Asia & Pacific,high,136.00185980000003,7.6865758254429295,263310.0,100.0,1.81,3.27423147137843,0.5,2144466964.41182,202590814084.99103,40438.5709468742,0.9621586414428829,0.1,14980.4960470598,1.1613884017740201,90.81109307,4885500.0,1.26264,27.4693779155237,6.56940527760999,19.184605179780398,9.996405503655641,65.5554608551937,EAs_Pa
OECD members,OED,,,117.935150225418,9.55063823247271,34476483.6157227,100.0,1.7090496996080902,9.28766644431477,9.24166666666667,1238616714822.26,49785139926010.5,44183.3444427617,1.82875698909551,,17149.7833834131,2.13123784824507,79.2631525341283,1303529456.0,2.44701973943605,15.465907899047899,1.40180640952792,22.1212571968371,14.149358830497698,69.9089170799116,
Oman,OMN,Middle East & North Africa,high,149.7738911,15.1887951113164,309500.0,100.0,2.592,83.53407271215491,6.3,2918075422.62679,70783875162.5488,41068.336814276096,-4.89259850160224,,141.879387518257,8.17129950109292,80.18563573,4829483.0,0.24978000000000003,,2.2619258908675,47.7903330769686,33.329783667593496,53.6141513340827,MEa_NAf
Other small states,OSS,,,115.98421479111299,7.62789783009735,2031822.99911499,75.2468624641826,3.07260250189031,64.5807118589765,18.5192307692308,16151736595.0557,404664548115.563,26399.3455766402,0.11714511206196199,7.42141769181558,3478.74542270339,,49.289418733532,30758989.0,,,2.16849447342951,38.6866664150565,10.193494355230401,56.000264549419605,
Pakistan,PAK,South Asia,lower_mid,73.35732631,0.8514728043938051,770880.0,70.79,3.4139999999999997,2.64219810685149,16.5,2952000000.0,304951818494.06604,5249.2063652526,3.52993515452191,0.1,115.071579351679,4.025735628755,15.51,212215030.0,0.24605,,23.215198788621397,18.2571020895745,12.080755043235,52.772577642591706,SAs
Panama,PAN,Latin America & Caribbean,high,126.6723629,2.25585475666538,74340.0,100.0,2.487,0.0141294644762111,6.0,4826400000.0,62283800000.0,24472.009849744503,3.5339007968886205,1.0,2151.32521389676,0.0,57.86509007,4176873.0,,,2.6019020801413397,28.428713404281698,6.172098223528921,64.9968252653664,LAm_Ca
Peru,PER,Latin America & Caribbean,upper_mid,120.98491909999998,2.05198435817931,1280000.0,96.3629913330078,2.37,14.445847891042199,24.5,6769497317.201679,210702303186.432,13772.2901725032,0.829368601934192,0.3,218.576996649027,1.18714490040018,48.72763146,31989256.0,0.11695,14.9233045917018,6.9346170413473995,30.5607319358908,13.342607073877499,54.303103100630395,LAm_Ca
Philippines,PHL,East Asia & Pacific,lower_mid,110.39562579999999,1.05114222978493,298170.0,93.0,2.8939999999999997,2.95935892071016,31.0,10256442398.8834,313619747740.18604,8340.33133072608,5.1466285705460395,0.1,87.8455193707785,1.12932406072171,60.05476033,106651922.0,,13.627603779714802,9.65524364480059,30.7482999487959,19.6652498869065,59.5964564064036,EAs_Pa
Palau,PLW,East Asia & Pacific,high,,14.771190287075902,460.0,100.0,,,28.0,27484632.723017,289823500.0,18124.6534724604,-4.02000769198104,,224.618149146451,,,17907.0,,19.3116872040502,2.88889729575028,9.28823673575462,0.924553719021858,77.2138711019805,EAs_Pa
Papua New Guinea,PNG,East Asia & Pacific,lower_mid,48.69617152,0.7950742261188909,452860.0,54.4274482727051,3.61,,41.0,-180176801.03255302,22277692408.8879,4269.43124398009,-0.451189953564807,0.9,31.049905137799396,0.271533184498923,11.20919659,8606316.0,,15.227394338016902,17.8664505881937,34.7288743059837,1.93117572622816,,EAs_Pa
Poland,POL,Europe & Central Asia,high,132.19259309999998,7.51715158489872,306190.0,100.0,1.39,4.0466338387947,37.0,10673000000.0,526371021088.56104,29930.991776801602,4.80104945347823,,6534.934485282429,1.9776919604596699,75.98536595,37978548.0,1.00371,15.601634904023301,2.38072722114521,29.5694724444311,18.053830183245303,56.3830656080881,Eu_CAs
Pre-demographic dividend,PRE,,,68.7251120383418,0.54231560397955,17789339.007873498,45.38503341617889,5.1029271986741,78.7978825199875,21.1324324324324,7839332478.61963,1304089254135.53,3899.8840665963503,-1.08053627138015,3.0776363797569597,58.0759459913466,1.41084516028289,20.284141258458398,919485393.0,,,18.5351942612649,26.358205849801003,7.867704010772611,50.39637305900929,
Puerto Rico,PRI,Latin America & Caribbean,high,92.52745807,,8870.0,100.0,1.101,,5.5,,104250200000.0,39006.3905970833,-0.27157808299601505,,283.007433681975,,72.75272269,3195153.0,0.42978999999999995,,0.805660903593846,51.1515123633391,48.4428777218371,48.34741754339561,LAm_Ca
"Korea, Dem. Peoples Rep.",PRK,East Asia & Pacific,low,14.94647221,1.6173711033615499,120410.0,43.871177673339794,1.899,,,63388000.0,,,,,0.0393236566989717,,,25549819.0,,,,,,,EAs_Pa
Portugal,PRT,Europe & Central Asia,high,113.8883699,4.33155402784831,91605.595703125,100.0,1.36,7.94693029497547,6.5,10022959166.0008,219308125506.737,32554.2975164832,3.04603639800129,0.6,12464.782579148201,1.77952935913835,73.79121395,10281762.0,1.24263,22.860706113136303,1.9535366739326498,19.4908532262183,12.3011859296715,65.54925052170749,Eu_CAs
Paraguay,PRY,Latin America & Caribbean,upper_mid,109.645417,0.8640294772685191,397300.0,99.3,2.4530000000000003,22.748514677927698,35.0,506976926.6,39008900331.6733,12971.6838450747,3.5948470983679104,0.5,186.83390364030498,0.930582685391207,61.07575622,6956071.0,0.1284,9.749454782811151,10.751280663068302,34.530525826691395,19.079886920560103,47.5341549017912,LAm_Ca
West Bank and Gaza,PSE,Middle East & North Africa,lower_mid,81.21174852,,6020.0,100.0,3.9419999999999997,0.191229879607219,43.5,203376299.06288,14498100000.0,5117.75456253195,1.10936176987309,,547.7231887815519,,65.2,4569087.0,,5.59660410282907,3.15588758872908,19.558756712871602,10.985646930886299,63.3590799734837,MEa_NAf
Pacific island small states,PSS,,,86.1170130387144,1.06612774478568,64200.0,82.9978091679507,3.1866360021649403,0.0339804695543463,20.4444444444444,481086607.174602,9883385373.76577,6115.004002754549,2.5913835860494503,,137.718420585419,,33.140266157532004,2457367.0,,21.6482473713905,12.535293026383801,16.2167199912897,8.85421123413789,,
Post-demographic dividend,PST,,,123.076297015603,10.3597894698665,31473668.9923,100.0,1.59178701501798,9.74384887317402,11.341666666666699,1398119190882.67,47254338522135.4,47037.1977325004,1.8904912336630602,,19976.411491849198,2.1758565385931297,80.8569187217562,1109997273.0,2.52657214282473,15.4300577907818,1.2823989728471201,21.5735272333602,13.8490359559854,70.733182357299,
French Polynesia,PYF,East Asia & Pacific,high,101.70737829999999,2.9556798733921004,3660.0,100.0,1.9969999999999999,0.0102509951080992,,47241927.127482794,,,,,597.603068420119,,72.70389531,277679.0,,,,,,,EAs_Pa
Qatar,QAT,Middle East & North Africa,high,151.1270603,43.857307951616704,11610.0,100.0,1.886,87.81367901768591,7.7,985989010.9890109,166928571428.57098,124609.304140088,-1.0428529875825199,0.1,401.141546813549,,95.94,2781677.0,0.50969,,0.18395632847792398,53.2053847059143,8.47611374150153,50.7779216193951,MEa_NAf
Romania,ROU,Europe & Central Asia,upper_mid,113.8251522,3.51615369125659,230080.0,100.0,1.64,5.75857961709718,35.0,5952909608.10492,211406933991.363,26595.426427646602,7.61868157247247,0.1,12255.1683622982,1.9342090735846897,63.74728218,19473936.0,0.48788000000000004,18.8780526413728,4.0617386151523,30.0637638776091,20.120229700520998,55.5805678315237,Eu_CAs
Russian Federation,RUS,Europe & Central Asia,upper_mid,157.85822019999998,11.857527773705199,16376870.0,100.0,1.7619999999999998,69.8742927361395,10.1,28557440000.0,1578624060588.26,25766.9288144165,1.5151745832613102,1.2,3541.0971901511402,3.92951108949691,76.00813853,144478050.0,1.09689,10.6412105180757,3.8507525431981597,29.4616959067986,12.010668893199199,56.76021714100099,Eu_CAs
Rwanda,RWA,Sub-Saharan Africa,low,72.23888424,0.0757642235602309,24670.0,34.1,3.8089999999999997,0.19831494737397398,4.0,293413074.0,9135454442.14013,2082.2936354878,3.29488679711001,2.7,18.2790377747584,1.2318198553324098,21.76763262,12301939.0,,13.7000979048059,29.309524940678102,16.3696237673086,5.80962767589265,47.2925786508881,SSAf
South Asia,SAS,,,86.93421659906159,1.45657274518659,4771603.99902344,89.88648924281941,2.43919217484413,17.5665914695227,13.8125,47168344266.3027,3347712176123.4,6563.349789608871,5.643330400370389,0.17802138828607897,118.202694689005,2.45107801830611,30.1877918472125,1814388744.0,0.5619269066207478,10.508712060546198,16.677326269172198,25.776644292711897,14.9234667690165,48.9333275675873,
Saudi Arabia,SAU,Middle East & North Africa,high,122.0799835,19.440666482647103,2149690.0,100.0,2.491,84.9370072153405,17.8,1418843613.8004801,688586133333.333,53693.364236490095,-2.7104818754513595,,166.801881631572,8.77471912659104,82.12,33699947.0,,3.3344037229848396,2.68562239486141,43.1574510312353,12.9071296769913,54.01713443726279,MEa_NAf
Sudan,SDN,Sub-Saharan Africa,lower_mid,70.6681119,0.299732598319775,,56.4515495300293,4.468999999999999,,34.5,1065298481.4186699,123053386001.137,4880.2615167413205,1.81493877275854,0.2,1.8735474078641599,2.27830187334924,30.87029573,41801533.0,,7.1986030262647995,31.199986859373396,2.31999902287648,,46.479980423835705,SSAf
Senegal,SEN,Sub-Saharan Africa,lower_mid,99.41831103,0.624760004263926,192530.0,61.7,4.695,19.1871637058985,6.0,586839886.943083,21081669870.0624,3556.1377583473704,4.1255024238150195,0.4,8.82006871741479,1.85432975233273,29.64312367,15854360.0,0.75183,15.8353896741081,14.414095042274498,23.3440275094386,16.4126061293582,51.968378325682,SSAf
Singapore,SGP,East Asia & Pacific,high,146.8230696,10.306331909983,709.0000152587891,100.0,1.16,16.695718489663598,1.5,94811159186.777,338406474038.67,96552.6026075455,3.60794895341697,0.2,58690.33345431861,3.14363241619433,84.44953878,5638676.0,,13.1397745298612,0.0309277224360941,23.374485334479104,17.61430512986,70.55992604655859,EAs_Pa
Solomon Islands,SLB,East Asia & Pacific,lower_mid,76.11619009,0.34353979617734604,27990.0,62.8956413269043,3.795,0.000840178739326716,9.0,36565531.526441105,1321131090.7350302,2339.38066750728,0.8320264483430999,,61.3170911171974,,11.92422906,652858.0,,29.155527251568998,,,,,EAs_Pa
Sierra Leone,SLE,Sub-Saharan Africa,low,87.66460435,0.186560087693797,72180.0,23.4,4.359,0.0128424574141634,8.0,751825733.253977,3739577973.2394295,1544.42928960789,1.99024006788851,1.4,1.86955051064769,0.7976317629685981,13.23693043,7650154.0,,,58.208741327620295,5.61093425781216,1.82070787825313,33.286093643891,SSAf
El Salvador,SLV,Latin America & Caribbean,lower_mid,156.5132655,0.998428943780015,20720.0,99.49038696289058,2.0580000000000003,2.58823636398772,16.5,503801415.183001,24927970000.0,7972.768589865041,1.79578398250986,0.6,61.520428069470206,1.03057541489324,31.25135241,6420744.0,0.14517,16.7526849094045,5.6309234201039,24.0183041236857,16.2276663360122,60.45697379991489,LAm_Ca
San Marino,SMR,Europe & Central Asia,high,113.7724551,,60.0,100.0,,,12.5,,1632860040.56795,63037.125778043206,0.9965845980220541,,18858.9587478839,,60.18230126,33785.0,,16.6656748037574,,,,,Eu_CAs
Somalia,SOM,Sub-Saharan Africa,low,48.28888515,0.04534723087201201,627340.0,32.9465141296387,6.171,,70.0,384000000.0,7128000000.0,,,0.1,25.9097207994533,,2.004048698,15008154.0,,,,,,,SSAf
Serbia,SRB,Europe & Central Asia,upper_mid,123.99010530000001,5.2825219168830095,87460.0,100.0,1.46,,5.5,2892671922.46736,44120424391.86,16433.382459360902,2.5938558457408796,0.1,5802.567150624611,1.90613603424839,70.33083553,6982084.0,0.86536,,6.80209676730495,25.7243111645288,,50.393331317230796,Eu_CAs
Sub-Saharan Africa (excluding high income),SSA,,,72.0306147097825,0.84874859980702,21241901.000060998,44.5685113197542,4.7814928104081,49.2645351488814,23.189361702127698,25468170032.5479,1677659255398.8,3878.0237104399603,-0.17753277005408605,4.0807339409523,565.6249262176069,1.1027143191609299,22.1148876935253,1078209758.0,,18.952973313277198,15.575020969005198,24.141871517270104,10.154683041087301,52.910864997156494,
South Sudan,SSD,Sub-Saharan Africa,low,22.17713444,0.141748231600483,,25.382070541381804,4.774,,13.0,1420000.0,,,,2.4,0.18330530442474302,1.32920833296659,7.977428907,10975920.0,,,11.4095103135889,20.625559651567897,4.55016111498258,67.9649300348432,SSAf
Sub-Saharan Africa,SSF,,,72.0399485793659,0.849177690461,21242361.000060998,44.5735868076554,4.7813809173027195,49.19878749299371,23.372916666666697,25592635568.2525,1679162216563.35,3880.3221061826503,-0.17605629303206197,4.0807339409523,579.782957584302,1.10303913970612,22.118160291890803,1078306520.0,,18.965089439044398,15.5639352091446,24.131074684843103,10.1508079052341,52.925617936136895,
Small states,SST,,,113.63337454351601,7.46265256907943,2500872.99911499,79.9607973895994,2.8747725703276603,61.549517323539106,19.40625,18845075567.7976,483622746147.49396,23213.625704203398,0.19236749313694199,6.230210256304471,2778.2663940714397,,49.800013089867605,40575321.0,,,2.56158965151924,35.9811914237891,10.160985379538198,57.2778806731132,
Sao Tome and Principe,STP,Sub-Saharan Africa,lower_mid,85.13950677,0.5807936564704921,960.0,72.5107040405273,4.394,,7.0,34208489.0333144,375040173.816889,3312.72796857403,1.9340935854772698,,38.6307336459204,,29.9312292,211028.0,,,11.6744261596297,15.4169149108056,7.01629612218783,70.9827229653463,SSAf
Suriname,SUR,Latin America & Caribbean,upper_mid,141.26165690000002,3.5989122910389604,156000.0,96.78314208984379,2.3480000000000003,10.6347480325067,66.5,158746081.491454,3068766109.75333,15002.419861673101,0.687495235292985,1.3,201.578976890285,,48.94517397,575991.0,,,9.87479089572667,30.298575556344105,13.271151214072098,53.1403659958433,LAm_Ca
Slovak Republic,SVK,Europe & Central Asia,high,130.6570231,5.661581327744241,48080.0,100.0,1.48,4.61176001475442,26.5,5921628927.201261,95617670260.1145,32371.2229547652,3.02833860042824,0.1,6963.66692944886,1.20523821388528,81.62566752,5447011.0,1.1753,17.5444622588407,3.3631737927303202,31.085417609688,20.137586855885502,55.961042213625205,Eu_CAs
Slovenia,SVN,Europe & Central Asia,high,117.4615476,6.213686844683269,20141.999511718797,100.0,1.58,6.187993323368519,8.0,1081878507.50789,48455919386.0505,36153.3831240136,4.81222061515116,0.1,19594.093655209,0.974192235140298,78.88542636,2067372.0,2.19655,18.4861392976613,1.94541386957645,28.080795342547603,20.1940848144051,56.5679860974971,Eu_CAs
Sweden,SWE,Europe & Central Asia,high,126.32116540000001,4.47818217821374,407310.0,100.0,1.85,7.983216380259759,7.0,24179980463.4968,535607385506.432,51404.7853914838,0.738138802775708,,13619.1203991212,1.0429144410384201,96.40964528,10183175.0,3.2654900000000002,26.9751612681341,1.1204659357878899,21.560064913965302,13.354518313431802,65.7102718346404,Eu_CAs
Eswatini,SWZ,Sub-Saharan Africa,lower_mid,76.94254323,1.09840450548437,17200.0,73.5262756347656,3.033,1.04692945901451,30.0,-59462742.87778511,4433664364.24725,10526.1100493887,0.8976660368930991,27.4,40.897868243072,1.50006194948238,30.3,1136191.0,0.27013000000000004,,8.95498753594449,34.993301762079504,30.9804158820672,51.9040624412173,SSAf
Sint Maarten (Dutch part),SXM,Latin America & Caribbean,high,,19.4613241342709,34.0,100.0,,,,32759776.5363128,,,,,739.389756987233,,,40654.0,,,0.088587806149036,8.473163105784261,0.81813444502345,69.2600312662845,LAm_Ca
Seychelles,SYC,Sub-Saharan Africa,high,176.5751502,5.41867796276229,460.0,100.0,3.63,0.0025140292460659698,32.0,124465535.704601,1503168689.81984,29062.2628539554,3.0631085004052103,,155191.302442536,1.4442196950669302,58.76981124,96762.0,,29.598583397009897,2.00964168813175,10.930045828697601,5.750565928011559,70.9636836845964,SSAf
Syrian Arab Republic,SYR,Middle East & North Africa,low,84.21516784,1.64053906266363,183630.0,89.63878631591801,2.865,,15.5,,,,,,13.299740649198402,,34.25340193,16906283.0,0.01248,,,,,,MEa_NAf
Turks and Caicos Islands,TCA,Latin America & Caribbean,high,,5.80598829483446,950.0,100.0,,,,22068000.0,962525840.0,23873.4206133785,2.71337075549131,,754.411962818268,,,37665.0,,,0.5383089991049791,9.16619893917606,0.6952446769216349,76.7273265405142,LAm_Ca
Chad,TCD,Sub-Saharan Africa,low,42.65861449,0.0534072418467253,1259200.0,10.8764162063599,5.846,,58.0,334997123.662935,9975692095.40855,1929.4727515883499,-5.928776623110959,1.3,0.599329829384782,2.1295595384847,6.49999812,15477751.0,,,46.125803114973294,13.6592291126337,2.95510632352941,30.493042638703198,SSAf
East Asia & Pacific (IDA & IBRD countries),TEA,,,115.52164177185101,5.8283716444717095,15793350.0,98.2604232306703,1.8485853290981697,5.826903120404331,30.009523809523802,238699560437.321,14618128658743.0,15057.4288269427,5.695249579716459,,472.68865300443804,1.7490664787823897,50.787621034109605,2056064424.0,1.95826748388774,10.124213608682599,8.95210433146385,39.2496064194005,27.2791218341235,51.2777323251855,
Europe & Central Asia (IDA & IBRD countries),TEC,,,127.464665786221,7.3957305016920305,22984325.0078125,99.9864219138175,1.8809451385430902,40.510218508517205,14.368181818181801,85359617590.8089,3898846070787.19,21589.3120491638,3.59167086876869,0.7390095944405709,4077.20001644284,2.90840414306081,67.2006319289218,459865205.0,0.872992110230246,14.4419888512678,5.07987653960034,28.885147396598395,14.302514248227501,55.013283172621605,
Togo,TGO,Sub-Saharan Africa,low,77.84230825,0.36731662958109995,54390.0,48.0,4.3839999999999995,1.3932426088439798,5.5,88339955.40324101,4765866980.38429,1682.7492021670498,1.89161307171395,2.1,4.5463549599108894,1.97291955976058,12.36022497,7889094.0,,18.9542730571164,26.393074000497304,16.152695279779802,7.333512345129651,28.1012361362939,SSAf
Thailand,THA,East Asia & Pacific,upper_mid,176.0347306,4.62037714609842,510890.0,100.0,1.4669999999999999,4.8007662516001295,4.5,8045508381.6,455275517239.34705,17917.2068895954,3.6655739469684203,1.1,578.284671527573,1.32751335607131,52.89192934,69428524.0,0.61593,16.128357812620198,8.45068651637846,35.7412095129715,27.378179319497498,55.808103970649995,EAs_Pa
Tajikistan,TJK,Europe & Central Asia,low,111.0146757,0.628730158480124,138790.0,99.3,3.313,,11.0,185827080.700795,7157865188.25222,3216.58070235526,4.991499097740941,0.3,20.0444401002312,,21.96,9100837.0,0.1089,,20.376070823490103,27.235214972347197,9.72042489688706,42.248495294525796,Eu_CAs
Turkmenistan,TKM,Europe & Central Asia,upper_mid,162.8495634,12.5170961201011,469930.0,100.0,2.8360000000000003,,,2313501677.0,37926285714.2857,18032.2219588979,4.73728487434192,,4.51571634284638,,21.25099741,5850908.0,,,,,,,Eu_CAs
Latin America & the Caribbean (IDA & IBRD countries),TLA,,,108.774359640597,3.07108458775194,19913632.03125,98.0776134613229,2.05207250735886,13.3384297618028,29.18,160166433959.125,5732278498069.47,16075.8342217518,0.715571444052969,0.507238510358545,1015.6244990598599,1.2550329252473797,62.2890896001865,625569713.0,0.798091097051804,13.387683606154098,5.001665348429451,23.506172768730195,12.9463964452741,60.686426056774394,
Timor-Leste,TLS,East Asia & Pacific,lower_mid,120.0810608,0.39969650805437296,14870.0,80.38075256347659,5.391,,13.0,6715937.467148,2487269437.36822,7416.22335499345,-10.905711564085,,12.0650450709867,0.6092033955556989,27.49273173,1267972.0,,18.5972564278571,10.7380606327535,45.1313826972917,0.722939913124087,43.46361192161329,EAs_Pa
Middle East & North Africa (IDA & IBRD countries),TMN,,,100.94317018314301,4.00480362152471,8635068.0078125,97.3398215051986,2.76041357101009,65.3053599442126,23.0416666666667,16569670377.6664,1422817551938.79,13849.5082713824,1.33002312382698,0.10426838424043301,122.714291454034,3.07544735423092,49.81616152702679,378327628.0,,,9.47944904738425,33.5869050667169,14.8145925365307,53.406989872713794,
Tonga,TON,East Asia & Pacific,upper_mid,99.92408813,1.19779665043354,720.0,97.96759033203129,3.595,0.000140759266745567,16.0,-5614626.96291365,430174168.740104,6321.60693306938,1.8290466479734702,,205.88638992921398,,41.24872764,103197.0,,19.018722519796697,17.211916807195,17.2681281618887,6.205733558178751,,EAs_Pa
South Asia (IDA & IBRD),TSA,,,86.93421659906159,1.45657274518659,4771603.99902344,89.88648924281941,2.43919217484413,17.5665914695227,13.8125,47168344266.3027,3347712176123.4,6563.349789608871,5.643330400370389,0.17802138828607897,118.202694689005,2.45107801830611,30.1877918472125,1814388744.0,0.5619269066207478,10.508712060546198,16.677326269172198,25.776644292711897,14.9234667690165,48.9333275675873,
Sub-Saharan Africa (IDA & IBRD countries),TSS,,,72.0399485793659,0.849177690461,21242361.000060998,44.5735868076554,4.7813809173027195,49.19878749299371,23.372916666666697,25592635568.2525,1679162216563.35,3880.3221061826503,-0.17605629303206197,4.0807339409523,579.782957584302,1.10303913970612,22.118160291890803,1078306520.0,,18.965089439044398,15.5639352091446,24.131074684843103,10.1508079052341,52.925617936136895,
Trinidad and Tobago,TTO,Latin America & Caribbean,high,148.3164065,33.966414453933,5130.0,100.0,1.739,59.6228010656836,10.5,-456860907.461982,22250455018.8067,31428.7976775167,-2.3612728239571203,1.1,290.447317769596,0.7781726990789799,77.32605293,1389858.0,0.08856,26.401658326820602,0.487294256120886,34.2593222834211,17.1453923846806,61.621277518309995,LAm_Ca
Tunisia,TUN,Middle East & North Africa,lower_mid,124.2969315,2.60593240600076,155360.0,100.0,2.175,13.1898466039483,8.0,809696518.8009549,39952095560.8829,12047.051134045802,0.671392797217862,0.1,214.283658911843,2.08983075733882,55.5,11565204.0,0.62961,,9.45866794945459,23.9952608112743,14.914748052434001,59.6896143173386,MEa_NAf
Turkey,TUR,Europe & Central Asia,upper_mid,96.35290201,4.47977349568748,769630.0,100.0,2.0340000000000003,3.76193819896048,7.0,11546000000.0,851549231502.615,27878.6092367084,5.74526765822441,,3351.87001556018,2.50435660854,64.68461768,82319724.0,0.8815,18.2381872916934,6.18374642600355,28.183296253298103,16.5986325526423,53.7630616365368,Eu_CAs
Tuvalu,TUV,East Asia & Pacific,upper_mid,71.47962831,1.00264309150565,30.0,100.0,,,,300000.0,40620557.13350929,3903.6550046645293,2.76652144864558,,,,49.31833862,11508.0,,,,,,,EAs_Pa
Tanzania,TZA,Sub-Saharan Africa,low,69.71531452,0.231426985468443,885800.0,32.8133316040039,4.953,2.19089770350676,27.5,1180210224.8162801,53320625958.5628,3090.49437114677,3.64001088107275,4.5,22.702365981677197,1.2118635133876001,15.99999943,56318348.0,,10.4924954944653,27.444142571775398,24.858399368155798,7.81371783783383,39.4485885215938,SSAf
Uganda,UGA,Sub-Saharan Africa,low,58.20615087,0.141664527352892,200520.0,22.0,5.5,2.11409952189686,24.0,802704141.0085679,25995031850.1545,1945.3586041961398,0.0404095716355783,5.9,20.4069411294975,1.4250058976975302,23.70653091,42723139.0,,12.9285306485061,23.6543451870448,20.629423493821896,8.71151843833483,47.464709059975604,SSAf
Ukraine,UKR,Europe & Central Asia,lower_mid,133.4908372,5.02074706440171,579290.0,100.0,1.374,3.38994047309588,6.5,2827000000.0,112190355158.17801,8693.69364884734,2.91712336406636,0.9,3948.26051136113,3.7828029528703397,57.11513856,44622516.0,0.6147699999999999,20.4513654211322,11.7257009089167,23.1783620717483,12.2191260296634,49.91424799622029,Eu_CAs
Upper middle income,UMC,,,111.692495832813,6.5275718210192295,58416073.015625,99.36857368839969,1.8355633918943501,19.6378935834893,24.992727272727297,408036521987.71796,22851037576513.0,17908.2837148447,3.8554873724368,,1097.44273258173,1.91315470989027,58.432434297674504,2655635719.0,1.52624821924621,11.972704642087901,6.5163360984739995,32.416079885647996,20.1413377451345,55.5257535452206,
Uruguay,URY,Latin America & Caribbean,high,147.4671006,1.98424083514046,175020.0,100.0,1.984,1.13312897089952,6.5,2591622875.20769,56488991831.0239,22728.134750687597,2.21776863877349,0.6,1103.6923791394302,1.95077407735433,68.27966256,3449299.0,0.36446,18.5094794019647,5.89193972971934,25.5392781241608,12.8180677583115,59.69250233538429,LAm_Ca
United States,USA,North America,high,120.6930432,16.502837239406,9147420.0,100.0,1.7655,11.1563736099247,5.6,354828000000.0,19485393853000.0,59927.929833953494,1.5644444308481598,,30335.7014808075,3.16286487973421,75.23264272,327167434.0,2.74043,11.2046031993722,0.940404125890274,17.9549024407408,11.122251435452002,77.551373973225,NAm
Uzbekistan,UZB,Europe & Central Asia,lower_mid,76.04190715,3.4207227458490097,425400.0,100.0,2.455,,4.0,1797341435.6538103,59159949231.4924,6644.5688858410995,2.7177300879710797,0.3,202.169899285551,3.5554825523167004,52.30510079,32955400.0,0.21254,14.278127547234302,30.837260291749395,24.1431005703855,,35.7693814178489,Eu_CAs
St. Vincent and the Grenadines,VCT,Latin America & Caribbean,upper_mid,105.4114307,1.92005401383416,390.0,100.0,1.911,0.00048162937062745095,10.0,98139608.3060755,785222509.144563,11776.6715734858,0.521992347253672,,163.89412439564,,65.56,110210.0,,23.592260882551397,6.91696475274142,14.838030038006599,4.96072808386964,62.715232041875296,LAm_Ca
"Venezuela, RB",VEN,Latin America & Caribbean,upper_mid,78.4636301,6.164731034316571,882050.0,100.0,2.294,,230.0,-68000000.0,,,,,293.497106488038,,64.31336383,28870195.0,0.24106999999999998,,,,,,LAm_Ca
British Virgin Islands,VGB,Latin America & Caribbean,high,,6.198316602849361,150.0,100.0,,,,38358079000.0,,,,,355546.539540859,,,29802.0,,,,,,,LAm_Ca
Virgin Islands (U.S.),VIR,Latin America & Caribbean,high,,,350.0,100.0,2.08,,,,3855000000.0,,-1.4747671859689298,,1053.43625312302,,64.3774943,106977.0,,,,,,,LAm_Ca
Vietnam,VNM,East Asia & Pacific,lower_mid,125.6177267,1.81989397652576,310070.0,100.0,1.95,6.15828224962063,17.0,14100000000.0,223779865815.183,6857.98404387187,5.730628272652769,0.3,1348.71595124909,2.29945742821055,49.56909734,95540395.0,0.44113,,16.3196440917105,32.7150421754965,14.2655138556961,40.924678411977794,EAs_Pa
Vanuatu,VUT,East Asia & Pacific,lower_mid,82.54152126,0.583633965924938,12190.0,62.784294128418,3.239,,18.0,24704497.292206302,849708342.6984121,3110.31028343763,1.8726992022008602,,178.627718818956,,25.71978784,292680.0,,16.7452620453839,,,,,EAs_Pa
World,WLD,,,102.953231937576,4.98070685188463,127354641.43053201,88.86707329012421,2.42562753113188,16.0074872804231,20.1189473684211,2085129881725.83,80885580989211.6,17136.6371983104,1.99432200560446,0.8,3519.69918650798,2.1404854679435,48.565130757136004,7594270356.0,2.11438829483737,14.3157812667831,3.5134818984644003,25.1688074280651,15.555751773150199,65.2378100394087,
Samoa,WSM,East Asia & Pacific,upper_mid,63.23101201,1.03015799522425,2830.0,96.8,3.926,0.0182051517534925,9.0,9062247.69605818,841538412.998896,6677.68551022861,2.27526482130438,,296.89995495311,,33.61093932,196130.0,,22.6768808003324,9.586428480755009,23.8859925458685,9.72385278309139,,EAs_Pa
Kosovo,XKX,Europe & Central Asia,upper_mid,,,10887.0,100.0,2.02,,5.5,324803899.58435297,7227764976.792741,10759.6489225281,3.40237476613581,,,0.795344788911837,,1845300.0,,,10.461837531506902,23.7999209238728,10.969374474885099,46.132930264740295,Eu_CAs
"Yemen, Rep.",YEM,Middle East & North Africa,low,54.36332628,0.8789956119400608,527970.0,79.2,3.889,70.25825296293701,40.5,-269850000.0,26818703092.5852,2645.30838302614,-8.19488956593459,,3.37706500789066,,26.71835477,28498687.0,,,7.0835037893411394,46.6113349813093,6.8680557291740705,22.9439573117694,MEa_NAf
South Africa,ZAF,Sub-Saharan Africa,upper_mid,156.0332292,8.979062347588481,1213090.0,84.4,2.43,10.8252693131529,40.0,2059863824.78035,348871647962.32104,13458.9637418502,-0.0995400449531019,18.8,9430.69731150022,0.981709721430103,56.16739447,57779622.0,0.7981600000000001,27.3324057234863,2.17817358718032,26.009142586609602,12.040172579045201,61.0205897332758,SSAf
Zambia,ZMB,Sub-Saharan Africa,lower_mid,78.6149339,0.29241222245577597,743390.0,40.3,4.925,1.14917846605874,8.5,865903085.18835,25868142076.7897,4090.12004042731,0.39573993055479706,11.5,42.364614795289896,1.40095005931668,27.852579100000003,17351822.0,,14.393956083805802,6.22847041620006,34.8771390757897,7.686142398356299,54.1824542568649,SSAf
Zimbabwe,ZWE,Sub-Saharan Africa,lower_mid,85.25218295,0.8847212943322951,386850.0,40.42136764526371,3.682,0.555653457866147,32.0,247187738.788,22813010116.1292,2825.72512228756,3.1863990336930494,13.3,30.554737055415398,2.16960636324343,27.05548769,14439018.0,,18.060220102262,7.87398582101493,22.1150590703934,11.5960198919073,60.4099015011579,SSAf
